-- --------------------------------------------------------
-- hot_news 数据库暂时没有将video包含进来
-- 1.用户表


SET SQL_MODE = "NO_AUTO_VALUE_ON_ZERO";
SET time_zone = "+00:00";

-- Database: `hot_news`
CREATE DATABASE IF NOT EXISTS `hot_news` DEFAULT CHARACTER SET utf8 COLLATE utf8_general_ci;
USE `hot_news`;


-- --------------------------------------------------------
-- Table structure for table `users`
-- 1.用户表

CREATE TABLE IF NOT EXISTS `users` (
  `user_id` int(11) NOT NULL AUTO_INCREMENT,
  `password` char(64) DEFAULT NULL,
  `phone` char(11) DEFAULT NULL UNIQUE,
  `real_name` varchar(32) DEFAULT NULL,
  `nick_name` varchar(32) DEFAULT NULL,
  `sex` varchar(2) NOT NULL DEFAULT '男',
  `profile_img` varchar(1024) DEFAULT NULL,
  `signature` varchar(128) DEFAULT NULL,
  `user_role`  int(2)  NOT NULL  DEFAULT '0',
  `create_time` datetime DEFAULT CURRENT_TIMESTAMP,
   PRIMARY KEY (`user_id`)
) ENGINE=InnoDB DEFAULT CHARSET=utf8;

--
-- Dumping data for table `users`
--
-- password 222222-999999  zzh222-zzh999

INSERT INTO `users` (`phone`, `password`, `real_name`, `sex`,`signature`) 
VALUES
('13618286592', '4cc8f4d609b717356701c57a03e737e5ac8fe885da8c7163d3de47e01849c635', '梅西', '男', '艺术家'),
('13618286593', '68487dc295052aa79c530e283ce698b8c6bb1b42ff0944252e1910dbecdc5425', '马拉多纳', '男','上帝之手'),
('13618286594', '69f7f7a7f8bca9970fa6f9c0b8dad06901d3ef23fd599d3213aa5eee5621c3e3', '张大帅', '男', '绿林大学校长'),
('13618286595', 'af41e68e1309fa29a5044cbdc36b90a3821d8807e68c7675a6c495112bc8a55f', '蒙哥马利', '男','沙漠之狐在哪'),
('13618286596', '94edf28c6d6da38fd35d7ad53e485307f89fbeaf120485c8d17a43f323deee71', '周星星', '男',  '百年周星驰'),
('13618286597', 'ec4c88ca7f69534f10c0611c1ecd13e7c2cdf73e1b915e9fd0cf27ac10da43fa', '通天教主', '男', '尝尝老夫的诛仙阵'),
('13618286598', '92925488b28ab12584ac8fcaa8a27a0f497b2c62940c8f4fbc8ef19ebc87c43e', '刑天', '男', '圣灵石'),
('13618286599', '937377f056160fc4b15e0b770c67136a5f03c15205b4d3bf918268fefa2c6d0a', '朱茵', '女',  '紫霞仙子'),
('14718286592', 'cabaa0b664506527429b54cd07e0c8ffa478fe3af0b7ebc211895261490bea10', 'echo', '男', 'i am zzh'),
('14718286593', '4bfe5a817acbe7f9e496c518851a012b074095a20a0ceef9b2e34b72be6dc042', '孙行者', '男', '花果山猴王'),
('14718286594', '475f2cf36d9e2fd2cd65afa7ecf90cb9fa55ee04a6f90e32508e299d723f0d8d', '韩信', '男',  '韩大将军'),
('14718286595', '95a37f790b6534e1d82bc960ba88a2b74d69815b0c6c1c2511c62644b7eb23cf', '爱新觉罗玄烨', '男',  '朕的大清'),
('14718286596', 'c9788ebe878aabd667febc2e8b3d3e67deb39acc05ce15ca3a03e53f173ea8ec', '鲁智深', '男', '你这厮'),
('14718286597', 'b6514a9faf0ec077132e316ffd8f7df7a6071bc34f379fd76e373e38bbfb6298', '朱元璋', '男', '杀人如麻'),
('14718286598', 'efbc5afbb591dd01559ebcd247beb21949b035c55f33a448c6ac9ac13becec1b', '普京', '男','把我的北极熊牵过来'),
('14718286599', '48783102d2efa6a0448b477fb7c34ddecbc457b97eacceef177b7b6c42d6e0ff', '伊丽莎白', '女', '太阳呢');


-- --------------------------------------------------------
-- Table structure for table `users_action`
-- 2.用户对新闻分类行为统计
CREATE TABLE IF NOT EXISTS `users_action` (
  `users_action_id` int(11) NOT NULL AUTO_INCREMENT,
  `user_id` int(11) NOT NULL,
  `visit_news_hot` int(11) DEFAULT '0',
  `visit_news_society` int(11) DEFAULT '0',
  `visit_news_entertainment` int(11) DEFAULT '0',
  `visit_news_tech` int(11) DEFAULT '0',
  `visit_news_car` int(11) DEFAULT '0',
  `visit_news_sports` int(11) DEFAULT '0',
  `visit_news_finance` int(11) DEFAULT '0',
  `visit_news_military` int(11) DEFAULT '0',
  `visit_news_world` int(11) DEFAULT '0',
  `visit_essay_joke` int(11) DEFAULT '0',
  `visit_question_and_answer` int(11) DEFAULT '0',
  `visit_image_funny` int(11) DEFAULT '0',
  `favorite_news_hot` int(11) DEFAULT '0',
  `favorite_news_society` int(11) DEFAULT '0',
  `favorite_news_entertainment` int(11) DEFAULT '0',
  `favorite_news_tech` int(11) DEFAULT '0',
  `favorite_news_car` int(11) DEFAULT '0',
  `favorite_news_sports` int(11) DEFAULT '0',
  `favorite_news_finance` int(11) DEFAULT '0',
  `favorite_news_military` int(11) DEFAULT '0',
  `favorite_news_world` int(11) DEFAULT '0',
  `favorite_essay_joke` int(11) DEFAULT '0',
  `favorite_question_and_answer` int(11) DEFAULT '0',
  `favorite_image_funny` int(11) DEFAULT '0',
   PRIMARY KEY (`users_action_id`),
   FOREIGN KEY(`user_id`) REFERENCES `users`(`user_id`)
) ENGINE=InnoDB DEFAULT CHARSET=utf8;

--
-- Dumping data for table `users_action`
--
INSERT INTO `users_action` (`user_id`, `visit_news_hot`, `favorite_news_hot`) 
VALUES
(1,15,5);



-- --------------------------------------------------------
-- Table structure for table `news_category`
-- 3.新闻分类表

CREATE TABLE IF NOT EXISTS `news_category` (
  `news_category_id` varchar(64),
  `news_category_name` varchar(64) NOT NULL UNIQUE,
   PRIMARY KEY (`news_category_id`)
) ENGINE=InnoDB DEFAULT CHARSET=utf8;

--
-- Dumping data for table `news_category`
--
INSERT INTO `news_category` (`news_category_id`, `news_category_name`) 
VALUES
('news_society','社会'),
('news_entertainment','娱乐'),
('news_tech','科技'),
('news_car','汽车'),
('news_sports','体育'),
('news_finance','财经'),
('news_military','军事'),
('news_world','国际');


-- --------------------------------------------------------
-- Table structure for table `news`
-- 4.新闻表

CREATE TABLE IF NOT EXISTS `news` (
  `news_id` int(11) NOT NULL AUTO_INCREMENT,
  `news_category_id` varchar(64),
  `news_producer_id` int(11) ,
  `news_title` varchar(256) DEFAULT NULL,
  `news_url` varchar(2048) DEFAULT NULL,
  `news_abstract` varchar(2048) DEFAULT NULL,
  `news_content` text,
  `news_source`  varchar(256) DEFAULT NULL,
  `news_image_list`  text,
  `create_time` datetime DEFAULT CURRENT_TIMESTAMP,
  `last_edit_time` datetime DEFAULT CURRENT_TIMESTAMP ON UPDATE CURRENT_TIMESTAMP ,
  PRIMARY KEY (`news_id`),
  FOREIGN KEY(`news_producer_id`) REFERENCES `users`(`user_id`),
  FOREIGN KEY(`news_category_id`) REFERENCES `news_category`(`news_category_id`)
) ENGINE=InnoDB DEFAULT CHARSET=utf8;




--
-- Dumping data for table `news`
--

--
-- Dumping data for table `news`
--

INSERT INTO `news` (`news_id`, `news_category_id`, `news_producer_id`, `news_title`, `news_url`, `news_abstract`, `news_content`, `news_source`, `news_image_list`, `create_time`, `last_edit_time`) VALUES
(1, 'news_society', 1, '直击金特会越南四日｜朝美首脑未达成协议', 'http://mp.weixin.qq.com/s?src=11&timestamp=1551344532&ver=1455&signature=wo4zUIotLWfGWGL-XeCMoSyivxJ1H4A-tFrIGSeViZNvlFzOdTUAQa0PRFMr*hNgpI45zu4*j1Hlw0Jd0RZsB2gQTImdo2jjCcgnSBG4iDRi98V2Gxv5yUVuEqdcNrzC&new=1', '称，这次河内会谈，朝美双方未达成协议，朝美首脑希望在未来再次举行会谈。当地时间2019年2月28日，越南河内，“金特会”召开期间，一名男子站在歌剧院一张特朗普和金正恩握手的海报前。', '称，这次河内会谈，朝美双方未达成协议，朝美首脑希望在未来再次举行会谈。当地时间2019年2月28日，越南河内，“金特会”召开期间，一名男子站在歌剧院一张特朗普和金正恩握手的海报前。', '剥洋葱', '[{\"height\":576,\"uri\":\"list/pgc-image/RJMRZPsElRkUAh\",\"url\":\"http://p3-tt.bytecdn.cn/list/300x196/pgc-image/RJMRZPsElRkUAh.webp\",\"url_list\":[{\"url\":\"http://p3-tt.bytecdn.cn/list/300x196/pgc-image/RJMRZPsElRkUAh.webp\"},{\"url\":\"http://p1-tt.bytecdn.cn/list/300x196/pgc-image/RJMRZPsElRkUAh.webp\"},{\"url\":\"http://p6-tt.bytecdn.cn/list/300x196/pgc-image/RJMRZPsElRkUAh.webp\"}],\"width\":1024},{\"height\":562,\"uri\":\"list/pgc-image/RJBYVvIFRYzSd1\",\"url\":\"http://p1-tt.bytecdn.cn/list/300x196/pgc-image/RJBYVvIFRYzSd1.webp\",\"url_list\":[{\"url\":\"http://p1-tt.bytecdn.cn/list/300x196/pgc-image/RJBYVvIFRYzSd1.webp\"},{\"url\":\"http://p9-tt.bytecdn.cn/list/300x196/pgc-image/RJBYVvIFRYzSd1.webp\"},{\"url\":\"http://p1-tt.bytecdn.cn/list/300x196/pgc-image/RJBYVvIFRYzSd1.webp\"}],\"width\":1000},{\"height\":562,\"uri\":\"list/pgc-image/RJBYWBvDUSjkwD\",\"url\":\"http://p1-tt.bytecdn.cn/list/300x196/pgc-image/RJBYWBvDUSjkwD.webp\",\"url_list\":[{\"url\":\"http://p1-tt.bytecdn.cn/list/300x196/pgc-image/RJBYWBvDUSjkwD.webp\"},{\"url\":\"http://p9-tt.bytecdn.cn/list/300x196/pgc-image/RJBYWBvDUSjkwD.webp\"},{\"url\":\"http://p3-tt.bytecdn.cn/list/300x196/pgc-image/RJBYWBvDUSjkwD.webp\"}],\"width\":1000}]', '2019-02-28 21:36:17', '2019-02-28 21:36:17'),
(2, 'news_society', 1, '北约大肆扩充军力剑拔弩张 引俄罗斯强烈不满', 'http://toutiao.com/group/6662972486327468558/', '俄罗斯国防部长绍伊古27日表示，北约军事实力的提升破坏了世界现行安全体系，俄将被迫采取回应措施。2014年乌克兰危机据报道，自2014年乌克兰危机爆发以来，北约不仅加大了在东欧地区、波罗的海沿岸的军事演习规模，还不断在这些国家部署新的军事基础设施，持续向俄罗斯施压。', '俄罗斯国防部长绍伊古27日表示，北约军事实力的提升破坏了世界现行安全体系，俄将被迫采取回应措施。2014年乌克兰危机据报道，自2014年乌克兰危机爆发以来，北约不仅加大了在东欧地区、波罗的海沿岸的军事演习规模，还不断在这些国家部署新的军事基础设施，持续向俄罗斯施压。', '国防时报排头兵', '[{\"height\":432,\"uri\":\"list/dfic-imagehandler/14de66bd-2796-4d19-9444-5d718d85cd0e\",\"url\":\"http://p6-tt.bytecdn.cn/list/300x196/dfic-imagehandler/14de66bd-2796-4d19-9444-5d718d85cd0e.webp\",\"url_list\":[{\"url\":\"http://p6-tt.bytecdn.cn/list/300x196/dfic-imagehandler/14de66bd-2796-4d19-9444-5d718d85cd0e.webp\"},{\"url\":\"http://p3-tt.bytecdn.cn/list/300x196/dfic-imagehandler/14de66bd-2796-4d19-9444-5d718d85cd0e.webp\"},{\"url\":\"http://p3-tt.bytecdn.cn/list/300x196/dfic-imagehandler/14de66bd-2796-4d19-9444-5d718d85cd0e.webp\"}],\"width\":800},{\"height\":403,\"uri\":\"list/pgc-image/5ce27eadc65941e99fa5c7937fa425e5\",\"url\":\"http://p3-tt.bytecdn.cn/list/300x196/pgc-image/5ce27eadc65941e99fa5c7937fa425e5.webp\",\"url_list\":[{\"url\":\"http://p3-tt.bytecdn.cn/list/300x196/pgc-image/5ce27eadc65941e99fa5c7937fa425e5.webp\"},{\"url\":\"http://p9-tt.bytecdn.cn/list/300x196/pgc-image/5ce27eadc65941e99fa5c7937fa425e5.webp\"},{\"url\":\"http://p9-tt.bytecdn.cn/list/300x196/pgc-image/5ce27eadc65941e99fa5c7937fa425e5.webp\"}],\"width\":718},{\"height\":337,\"uri\":\"list/pgc-image/457a4f8a2f0c4bc5ba53cfd45e07d9fa\",\"url\":\"http://p1-tt.bytecdn.cn/list/300x196/pgc-image/457a4f8a2f0c4bc5ba53cfd45e07d9fa.webp\",\"url_list\":[{\"url\":\"http://p1-tt.bytecdn.cn/list/300x196/pgc-image/457a4f8a2f0c4bc5ba53cfd45e07d9fa.webp\"},{\"url\":\"http://p9-tt.bytecdn.cn/list/300x196/pgc-image/457a4f8a2f0c4bc5ba53cfd45e07d9fa.webp\"},{\"url\":\"http://p6-tt.bytecdn.cn/list/300x196/pgc-image/457a4f8a2f0c4bc5ba53cfd45e07d9fa.webp\"}],\"width\":600}]', '2019-02-28 21:36:17', '2019-02-28 21:36:17'),
(3, 'news_society', 1, '特朗普确认朝美领导人第二次会晤没有签署任何文件', 'https://m2.people.cn/r/MV8wXzEyMzkxNDQ5XzIwNDU3NV8xNTUxMzQ0MjI3?source=da', '美国总统特朗普28日在越南河内举行的记者会上确认，朝美领导人第二次会晤没有签署任何文件。', '美国总统特朗普28日在越南河内举行的记者会上确认，朝美领导人第二次会晤没有签署任何文件。', '人民网', '', '2019-02-28 21:36:17', '2019-02-28 21:36:17'),
(4, 'news_society', 1, '建设银行发行18.5亿美元境外二级资本债  初始固定利率4.25%', 'http://www.nbd.com.cn/rss/toutiao/articles/1304910.html', '具体来说，本期债券品种为10年期固定利率债券，在第5年末附发行人有条件的赎回权。定价方面， 自2019年2月27日起至2024年2月27日止，本期债券初始固定利率为每年4.25%。', '具体来说，本期债券品种为10年期固定利率债券，在第5年末附发行人有条件的赎回权。定价方面， 自2019年2月27日起至2024年2月27日止，本期债券初始固定利率为每年4.25%。', '每日经济新闻', '', '2019-02-28 21:36:17', '2019-02-28 21:36:17'),
(5, 'news_society', 1, '独角兽变“毒角兽”，这个锅谁来背', 'http://toutiao.com/group/6662971702206530060/', '该机构发布的《2018胡润大中华区独角兽指数》还显示，独角兽企业最近一年从120家增加到186家，整体估值超过5万亿元。', '该机构发布的《2018胡润大中华区独角兽指数》还显示，独角兽企业最近一年从120家增加到186家，整体估值超过5万亿元。', '支点财经', '[{\"height\":607,\"uri\":\"list/pgc-image/bb31752d5bd449748d4fde2b33629ca6\",\"url\":\"http://p9-tt.bytecdn.cn/list/300x196/pgc-image/bb31752d5bd449748d4fde2b33629ca6.webp\",\"url_list\":[{\"url\":\"http://p9-tt.bytecdn.cn/list/300x196/pgc-image/bb31752d5bd449748d4fde2b33629ca6.webp\"},{\"url\":\"http://p3-tt.bytecdn.cn/list/300x196/pgc-image/bb31752d5bd449748d4fde2b33629ca6.webp\"},{\"url\":\"http://p3-tt.bytecdn.cn/list/300x196/pgc-image/bb31752d5bd449748d4fde2b33629ca6.webp\"}],\"width\":1080},{\"height\":333,\"uri\":\"list/pgc-image/c6f39a0e9df14973be4945b27b37c4a3\",\"url\":\"http://p9-tt.bytecdn.cn/list/300x196/pgc-image/c6f39a0e9df14973be4945b27b37c4a3.webp\",\"url_list\":[{\"url\":\"http://p9-tt.bytecdn.cn/list/300x196/pgc-image/c6f39a0e9df14973be4945b27b37c4a3.webp\"},{\"url\":\"http://p1-tt.bytecdn.cn/list/300x196/pgc-image/c6f39a0e9df14973be4945b27b37c4a3.webp\"},{\"url\":\"http://p6-tt.bytecdn.cn/list/300x196/pgc-image/c6f39a0e9df14973be4945b27b37c4a3.webp\"}],\"width\":600},{\"height\":388,\"uri\":\"list/pgc-image/f398e6c3c44046b3b2ca1d61f627b40d\",\"url\":\"http://p6-tt.bytecdn.cn/list/300x196/pgc-image/f398e6c3c44046b3b2ca1d61f627b40d.webp\",\"url_list\":[{\"url\":\"http://p6-tt.bytecdn.cn/list/300x196/pgc-image/f398e6c3c44046b3b2ca1d61f627b40d.webp\"},{\"url\":\"http://p6-tt.bytecdn.cn/list/300x196/pgc-image/f398e6c3c44046b3b2ca1d61f627b40d.webp\"},{\"url\":\"http://p9-tt.bytecdn.cn/list/300x196/pgc-image/f398e6c3c44046b3b2ca1d61f627b40d.webp\"}],\"width\":690}]', '2019-02-28 21:36:17', '2019-02-28 21:36:17'),
(6, 'news_society', 1, '特朗普结束记者会将返美 称暂未约定举办另一场峰会', 'http://m.ce.cn/ttt/201902/28/t20190228_31587829.shtml', '中新网2月28日电当地时间28日下午，美国总统特朗普就第二次朝美首脑会晤召开的发布会结束，他将乘坐飞机返回美国华盛顿。', '中新网2月28日电当地时间28日下午，美国总统特朗普就第二次朝美首脑会晤召开的发布会结束，他将乘坐飞机返回美国华盛顿。', '中国经济网', '', '2019-02-28 21:36:17', '2019-02-28 21:36:17'),
(7, 'news_society', 1, '商务部回应一财：中方将做好WTO上诉机构实质性瘫痪的应对准备', 'http://m.yicai.com/news/100127376.html', '2019年关于全球贸易体制的一个急迫问题已经摆上桌面：世贸组织上诉机构可能于年底面临实质性瘫痪的局面。', '2019年关于全球贸易体制的一个急迫问题已经摆上桌面：世贸组织上诉机构可能于年底面临实质性瘫痪的局面。', '第一财经', '', '2019-02-28 21:36:17', '2019-02-28 21:36:17'),
(8, 'news_society', 1, '外媒：特斯拉上海工厂向中资银行申请20亿美元贷款', 'http://www.nbd.com.cn/rss/toutiao/articles/1304915.html', '投资研究公司沃伦资本在上周的一份报告中写道，预计上海浦东发展银行、中国工商银行、中国建设银行和中国农业银行将成为特斯拉上海工厂的贷款提供者。', '投资研究公司沃伦资本在上周的一份报告中写道，预计上海浦东发展银行、中国工商银行、中国建设银行和中国农业银行将成为特斯拉上海工厂的贷款提供者。', '每日经济新闻', '', '2019-02-28 21:36:17', '2019-02-28 21:36:17'),
(9, 'news_society', 1, '维密第四季度销售额跌逾9.3%，致母公司盈利能力下滑', 'http://www.bjnews.com.cn/feature/2019/02/28/551397.html', '2018年维密大秀，TaylorHill开场穿的苏格兰风情系列内衣，被不少网友吐槽“形似被单”。维密母公司LBrands公布的第四季度财报数据显示，期内该集团销售额同比增长0.62%至48.5亿美元，但受到维密品牌业绩持续不振的影响。', '2018年维密大秀，TaylorHill开场穿的苏格兰风情系列内衣，被不少网友吐槽“形似被单”。维密母公司LBrands公布的第四季度财报数据显示，期内该集团销售额同比增长0.62%至48.5亿美元，但受到维密品牌业绩持续不振的影响。', '新京报', '', '2019-02-28 21:36:17', '2019-02-28 21:36:17'),
(10, 'news_society', 1, '男子猛追公交不慎跌倒遭碾压身亡 司机：没看见人', 'http://m.gmw.cn/toutiao/2019-02/28/content_122122637.htm', '2月26日晚10点左右，台湾省台北市的公交司机谢某。驾驶275路公交车经过中和区南山路站时，没有注意到一名林姓男子赶着上车，就将车门关闭后驶离停靠站。', '2月26日晚10点左右，台湾省台北市的公交司机谢某。驾驶275路公交车经过中和区南山路站时，没有注意到一名林姓男子赶着上车，就将车门关闭后驶离停靠站。', '光明网', '[{\"height\":337,\"uri\":\"list/pgc-image/RJMMSrZFbRsbSa\",\"url\":\"http://p3-tt.bytecdn.cn/list/300x196/pgc-image/RJMMSrZFbRsbSa.webp\",\"url_list\":[{\"url\":\"http://p3-tt.bytecdn.cn/list/300x196/pgc-image/RJMMSrZFbRsbSa.webp\"},{\"url\":\"http://p1-tt.bytecdn.cn/list/300x196/pgc-image/RJMMSrZFbRsbSa.webp\"},{\"url\":\"http://p6-tt.bytecdn.cn/list/300x196/pgc-image/RJMMSrZFbRsbSa.webp\"}],\"width\":600},{\"height\":337,\"uri\":\"list/pgc-image/RJMMSrn30kpybI\",\"url\":\"http://p9-tt.bytecdn.cn/list/300x196/pgc-image/RJMMSrn30kpybI.webp\",\"url_list\":[{\"url\":\"http://p9-tt.bytecdn.cn/list/300x196/pgc-image/RJMMSrn30kpybI.webp\"},{\"url\":\"http://p3-tt.bytecdn.cn/list/300x196/pgc-image/RJMMSrn30kpybI.webp\"},{\"url\":\"http://p6-tt.bytecdn.cn/list/300x196/pgc-image/RJMMSrn30kpybI.webp\"}],\"width\":600},{\"height\":337,\"uri\":\"list/pgc-image/RJMMSryIIoa1O9\",\"url\":\"http://p6-tt.bytecdn.cn/list/300x196/pgc-image/RJMMSryIIoa1O9.webp\",\"url_list\":[{\"url\":\"http://p6-tt.bytecdn.cn/list/300x196/pgc-image/RJMMSryIIoa1O9.webp\"},{\"url\":\"http://p9-tt.bytecdn.cn/list/300x196/pgc-image/RJMMSryIIoa1O9.webp\"},{\"url\":\"http://p1-tt.bytecdn.cn/list/300x196/pgc-image/RJMMSryIIoa1O9.webp\"}],\"width\":600}]', '2019-02-28 21:36:17', '2019-02-28 21:36:17'),
(11, 'news_society', 1, '克什米尔冲突升级印巴击落对方战机', 'https://m2.people.cn/r/MV8wXzEyMzkxNDE0XzE1MDNfMTU1MTM0MzkyMA==?source=da', '印度和巴基斯坦在克什米尔地区的冲突27日升级，双方声称击落对方战机，就细节各执一词。事件发生后，巴基斯坦民航局和军方宣布关闭巴基斯坦领空，多家航空运营商取消对印度北部多座城市的服务。', '印度和巴基斯坦在克什米尔地区的冲突27日升级，双方声称击落对方战机，就细节各执一词。事件发生后，巴基斯坦民航局和军方宣布关闭巴基斯坦领空，多家航空运营商取消对印度北部多座城市的服务。', '人民网', '', '2019-02-28 21:36:17', '2019-02-28 21:36:17'),
(12, 'news_society', 1, '国内成品油价“四连涨”，加满一箱油多花10元', 'https://m.jiemian.com/article/2903991_toutiao.html', '记者|彭强编辑|国内成品油价迎来年内“四连涨”。自今日24时起，国内汽油价格上调270元/吨，柴油价格上调260元/吨。', '记者|彭强编辑|国内成品油价迎来年内“四连涨”。自今日24时起，国内汽油价格上调270元/吨，柴油价格上调260元/吨。', '界面新闻', '', '2019-02-28 21:36:17', '2019-02-28 21:36:17'),
(13, 'news_society', 1, '香港金管局会在短期内发放虚拟银行牌照', 'http://www.nbd.com.cn/rss/toutiao/articles/1304893.html', '香港特区政府财政司司长陈茂波在特区立法会宣读2019年至2020财政年度特区政府财政预算案。陈茂波指出，金管局会在短期内发放虚拟银行牌照，银行亦将会分阶段推出各项开放应用程序界面的功能。', '香港特区政府财政司司长陈茂波在特区立法会宣读2019年至2020财政年度特区政府财政预算案。陈茂波指出，金管局会在短期内发放虚拟银行牌照，银行亦将会分阶段推出各项开放应用程序界面的功能。', '每日经济新闻', '', '2019-02-28 21:36:17', '2019-02-28 21:36:17'),
(14, 'news_society', 1, '特朗普确认美朝领导人河内会晤未签署文件', 'https://m2.people.cn/r/MV8wXzEyMzkxNDUxXzIwNDU3NV8xNTUxMzQ0MjI3?source=da', '美国总统特朗普28日下午在河内举行的记者会上确认，美朝领导人第二次会晤没有签署共同文件。他说，过去两天会晤“有成效”，但“没有签署任何东西”。', '美国总统特朗普28日下午在河内举行的记者会上确认，美朝领导人第二次会晤没有签署共同文件。他说，过去两天会晤“有成效”，但“没有签署任何东西”。', '人民网', '', '2019-02-28 21:36:17', '2019-02-28 21:36:17'),
(15, 'news_society', 1, '央行：增强金融标准化工作使命感 减轻对抵押担保过度依赖', 'http://www.nbd.com.cn/rss/toutiao/articles/1304824.html', '陈星2月27日，人民银行副行长、金标委主任委员范一飞在《商业银行担保物基本信息描述规范》金融行业标准发布会上指出，近年来金融标准化工作制定发布金融国家标准、行业标准87项。', '陈星2月27日，人民银行副行长、金标委主任委员范一飞在《商业银行担保物基本信息描述规范》金融行业标准发布会上指出，近年来金融标准化工作制定发布金融国家标准、行业标准87项。', '每日经济新闻', '', '2019-02-28 21:36:17', '2019-02-28 21:36:17'),
(16, 'news_society', 1, '英将派航母赴南海？中方：坚决反对在南海军事挑衅', 'http://hz.m.chinanews.com/wapapp/toutiao/mil/2019/02-28/8767780.shtml', '会上，有记者问：继上月英国军舰在南海举行演习后，英国国防大臣威廉姆森日前宣布，将派遣“伊丽莎白女王”号航母和F-35B舰载机到南海展示“硬实力”。', '会上，有记者问：继上月英国军舰在南海举行演习后，英国国防大臣威廉姆森日前宣布，将派遣“伊丽莎白女王”号航母和F-35B舰载机到南海展示“硬实力”。', '中国新闻网', '', '2019-02-28 21:36:17', '2019-02-28 21:36:17'),
(17, 'news_society', 1, '网传巴枭龙战机击落印战机，国防部回应', 'https://3w.huanqiu.com/a/c36dc8/7KFf2TQyx4Q?agt=20', '针对巴基斯坦军方驾驶中国战机枭龙击落印度战机的非官方消息，28日下午，在国防部例行记者会上。国防部新闻发言人任国强回应，当前，当务之急、最重要、最紧迫的是印巴双方保持克制，通过对话协商，采取有利措施，使局势稳定下来。', '针对巴基斯坦军方驾驶中国战机枭龙击落印度战机的非官方消息，28日下午，在国防部例行记者会上。国防部新闻发言人任国强回应，当前，当务之急、最重要、最紧迫的是印巴双方保持克制，通过对话协商，采取有利措施，使局势稳定下来。', '环球网', '', '2019-02-28 21:36:17', '2019-02-28 21:36:17'),
(18, 'news_society', 1, '社保最新持股看过来! 有个股涨幅已超100%，秘诀在哪？', 'http://www.nbd.com.cn/rss/toutiao/articles/1304939.html', '社保基金的持股也逐步浮出水面，记者注意到，目前已披露的持股中，社保组合的持股变化还是比较明显。而有些去年四季度新进持有的个股，今年以来涨幅已超100%。', '社保基金的持股也逐步浮出水面，记者注意到，目前已披露的持股中，社保组合的持股变化还是比较明显。而有些去年四季度新进持有的个股，今年以来涨幅已超100%。', '每日经济新闻', '', '2019-02-28 21:36:17', '2019-02-28 21:36:17'),
(19, 'news_society', 1, '国内油价迎来“四连涨” 明起加满一箱油多花10.5元', 'https://wap.peopleapp.com/article/3885905/3738917', '下班赶紧去加油！明日起，国内油价迎来“四连涨”，私家车加满一箱油将多花10.5元。', '下班赶紧去加油！明日起，国内油价迎来“四连涨”，私家车加满一箱油将多花10.5元。', '人民日报', '', '2019-02-28 21:36:17', '2019-02-28 21:36:17'),
(20, 'news_society', 1, '韩国2018年生育率首次降至1以下 再创历史新低', 'https://3w.huanqiu.com/a/c36dc8/7KFf0aq228U?agt=20', '韩国政府于27日公布的数据显示，该国2018年生育率再次创下历史新低，降至0.98，远低于维持人口稳定所需的2.1。', '韩国政府于27日公布的数据显示，该国2018年生育率再次创下历史新低，降至0.98，远低于维持人口稳定所需的2.1。', '环球网', '', '2019-02-28 21:36:17', '2019-02-28 21:36:17'),
(21, 'news_entertainment', 2, '北漂歌手生活辛酸，夺冠奖金全用来补房租？一首原创歌曲嗨翻全场', 'http://toutiao.com/group/6662940580726702606/', '《势不可挡》北漂歌手劲爆带来原创歌曲，夺冠奖金用来交房租？', '《势不可挡》北漂歌手劲爆带来原创歌曲，夺冠奖金用来交房租？', '中国安徽卫视', '', '2019-03-01 13:42:08', '2019-03-01 13:42:08'),
(22, 'news_entertainment', 2, '学校校长为上春晚走火入魔，奇葩小品引众怒，潘长江：快打120', 'http://toutiao.com/group/6629954943379833358/', '《势不可挡》', '《势不可挡》', '中国安徽卫视', '', '2019-03-01 13:42:08', '2019-03-01 13:42:08'),
(23, 'news_entertainment', 2, '王源下农村生火技术一流，杨超越变“大厨”', 'http://news.xnnews.com.cn/ylxw/201903/t20190301_1594093.shtml', '2月28日，沉浸式乡村人文体验真人秀《哈哈农夫》在云南腾冲举行了发布会。节目嘉宾王源、贾乃亮、杨超越、金瀚、董力与媒体现场互动。', '2月28日，沉浸式乡村人文体验真人秀《哈哈农夫》在云南腾冲举行了发布会。节目嘉宾王源、贾乃亮、杨超越、金瀚、董力与媒体现场互动。', '咸宁新闻网', '', '2019-03-01 13:42:08', '2019-03-01 13:42:08'),
(24, 'news_entertainment', 2, '黄磊暂别非诚勿扰，最后一期顶替孟非当主持男嘉宾不明情况吓一跳', 'http://toutiao.com/group/6630297667840770564/', '黄磊顶替孟非当主持人，男嘉宾出场时没弄懂情况被吓了一跳', '黄磊顶替孟非当主持人，男嘉宾出场时没弄懂情况被吓了一跳', '万有引荔', '', '2019-03-01 13:42:08', '2019-03-01 13:42:08'),
(25, 'news_entertainment', 2, '玉米叶子也能吹？河南大爷再现神技，潘长江看不下去竟直接叫停？', 'http://toutiao.com/group/6662900990145987080/', '《势不可挡》贵阳环卫工再现吹叶子神技，潘长江为何看不下去直接叫停？', '《势不可挡》贵阳环卫工再现吹叶子神技，潘长江为何看不下去直接叫停？', '中国安徽卫视', '', '2019-03-01 13:42:08', '2019-03-01 13:42:08'),
(26, 'news_entertainment', 2, '王自健、陈溯同台太搞笑了，这相声让人笑得停不下来，好逗啊！', 'http://toutiao.com/group/6663234398332125709/', '王自健、陈溯同台太搞笑了，这相声让人笑得停不下来，好逗啊！', '王自健、陈溯同台太搞笑了，这相声让人笑得停不下来，好逗啊！', '笑动欢乐秀', '', '2019-03-01 13:42:08', '2019-03-01 13:42:08'),
(27, 'news_entertainment', 2, '张小斐这段小品简直太搞笑，忍不住看了8遍，笑的肚子疼！', 'http://toutiao.com/group/6632545534601069059/', '张小斐这段小品简直太搞笑，忍不住看了8遍，笑的肚子疼！场面太过搞笑，看了8遍都不过瘾，网友：收下我的膝盖！', '张小斐这段小品简直太搞笑，忍不住看了8遍，笑的肚子疼！场面太过搞笑，看了8遍都不过瘾，网友：收下我的膝盖！', '四川卫视', '', '2019-03-01 13:42:08', '2019-03-01 13:42:08'),
(28, 'news_entertainment', 2, '方清平要给李金斗“结婚”？一口方言逗乐观众，看一遍笑一遍！', 'http://toutiao.com/group/6632559123445580302/', '师徒搭档说绕口令，李金斗携方清平说相声，句句调侃师父，真逗！', '师徒搭档说绕口令，李金斗携方清平说相声，句句调侃师父，真逗！', 'BTV文艺', '', '2019-03-01 13:42:08', '2019-03-01 13:42:08'),
(29, 'news_entertainment', 2, '沈梦辰被调侃，穿短裙当众劈叉，为展示舞蹈功底也是拼了', 'http://toutiao.com/group/6631439660973294094/', '沈梦辰被调侃，穿短裙当众劈叉，为展示舞蹈功底也是拼了', '沈梦辰被调侃，穿短裙当众劈叉，为展示舞蹈功底也是拼了', '美妙生活家', '', '2019-03-01 13:42:08', '2019-03-01 13:42:08'),
(30, 'news_entertainment', 2, '三首歌值十万元？蔡国庆现场首度回应婚礼献唱“吸金十万”传闻', 'http://toutiao.com/group/6649887930531709448/', '三首歌值十万元？', '三首歌值十万元？', '海豚资讯', '', '2019-03-01 13:42:08', '2019-03-01 13:42:08'),
(31, 'news_entertainment', 2, '《绿皮书》暖心上映 任素汐温情献唱推广曲', 'https://m2.people.cn/r/MV8wXzEyMzk1MDQwXzMyXzE1NTE0MDgwNjY=?source=xiao', '3月1日，本届奥斯卡的最佳影片《绿皮书》终于正式登陆了全国院线。目前网络购票平台评分已达9.4分，豆瓣评分也高达8.9。', '3月1日，本届奥斯卡的最佳影片《绿皮书》终于正式登陆了全国院线。目前网络购票平台评分已达9.4分，豆瓣评分也高达8.9。', '精选热点资讯', '[{\"height\":309,\"uri\":\"list/pgc-image/RJQkY3K8XptLlz\",\"url\":\"http://p1-tt.bytecdn.cn/list/300x196/pgc-image/RJQkY3K8XptLlz.webp\",\"url_list\":[{\"url\":\"http://p1-tt.bytecdn.cn/list/300x196/pgc-image/RJQkY3K8XptLlz.webp\"},{\"url\":\"http://p1-tt.bytecdn.cn/list/300x196/pgc-image/RJQkY3K8XptLlz.webp\"},{\"url\":\"http://p3-tt.bytecdn.cn/list/300x196/pgc-image/RJQkY3K8XptLlz.webp\"}],\"width\":550},{\"height\":309,\"uri\":\"list/pgc-image/RJQkY3W3MIbuK0\",\"url\":\"http://p6-tt.bytecdn.cn/list/300x196/pgc-image/RJQkY3W3MIbuK0.webp\",\"url_list\":[{\"url\":\"http://p6-tt.bytecdn.cn/list/300x196/pgc-image/RJQkY3W3MIbuK0.webp\"},{\"url\":\"http://p6-tt.bytecdn.cn/list/300x196/pgc-image/RJQkY3W3MIbuK0.webp\"},{\"url\":\"http://p3-tt.bytecdn.cn/list/300x196/pgc-image/RJQkY3W3MIbuK0.webp\"}],\"width\":550},{\"height\":309,\"uri\":\"list/pgc-image/RJQkY3lEGSoL5V\",\"url\":\"http://p3-tt.bytecdn.cn/list/300x196/pgc-image/RJQkY3lEGSoL5V.webp\",\"url_list\":[{\"url\":\"http://p3-tt.bytecdn.cn/list/300x196/pgc-image/RJQkY3lEGSoL5V.webp\"},{\"url\":\"http://p6-tt.bytecdn.cn/list/300x196/pgc-image/RJQkY3lEGSoL5V.webp\"},{\"url\":\"http://p1-tt.bytecdn.cn/list/300x196/pgc-image/RJQkY3lEGSoL5V.webp\"}],\"width\":550}]', '2019-03-01 13:42:08', '2019-03-01 13:42:08'),
(32, 'news_entertainment', 2, '流量时代，吴京竟然成了全新“度量单位”！', 'http://mp.weixin.qq.com/s?src=11&timestamp=1551355206&ver=1456&signature=vR1Keu8NkKnWh8w3jWJFDwsDyFjg*ZjcuiVd*ehVWYajPabofU3q4AaEd1pJ0ja51yOGxAAe42pQv2PWgG*zYgK***oOxmJUp-ok4hrzaESPb9W10uBDo9s*rCnJAjaa&new=1', '最近央视点名了流量明星数据造假的事情，其实这个事，大家也基本知道，很多数据是刷的。但究竟刷了多少，大家也没直观感受，今天给大家看一下，这个数据造假，究竟夸张到什么程度。', '最近央视点名了流量明星数据造假的事情，其实这个事，大家也基本知道，很多数据是刷的。但究竟刷了多少，大家也没直观感受，今天给大家看一下，这个数据造假，究竟夸张到什么程度。', '新都共青团', '[{\"height\":240,\"uri\":\"list/pgc-image/R8DLrsAHMI2yEr\",\"url\":\"http://p9-tt.bytecdn.cn/list/300x196/pgc-image/R8DLrsAHMI2yEr.webp\",\"url_list\":[{\"url\":\"http://p9-tt.bytecdn.cn/list/300x196/pgc-image/R8DLrsAHMI2yEr.webp\"},{\"url\":\"http://p9-tt.bytecdn.cn/list/300x196/pgc-image/R8DLrsAHMI2yEr.webp\"},{\"url\":\"http://p3-tt.bytecdn.cn/list/300x196/pgc-image/R8DLrsAHMI2yEr.webp\"}],\"width\":1080},{\"height\":293,\"uri\":\"list/pgc-image/RJ5igQo2UhQ2HF\",\"url\":\"http://p9-tt.bytecdn.cn/list/300x196/pgc-image/RJ5igQo2UhQ2HF.webp\",\"url_list\":[{\"url\":\"http://p9-tt.bytecdn.cn/list/300x196/pgc-image/RJ5igQo2UhQ2HF.webp\"},{\"url\":\"http://p9-tt.bytecdn.cn/list/300x196/pgc-image/RJ5igQo2UhQ2HF.webp\"},{\"url\":\"http://p1-tt.bytecdn.cn/list/300x196/pgc-image/RJ5igQo2UhQ2HF.webp\"}],\"width\":524},{\"height\":128,\"uri\":\"list/pgc-image/RAceu9QFpJR3Md\",\"url\":\"http://p6-tt.bytecdn.cn/list/300x196/pgc-image/RAceu9QFpJR3Md.webp\",\"url_list\":[{\"url\":\"http://p6-tt.bytecdn.cn/list/300x196/pgc-image/RAceu9QFpJR3Md.webp\"},{\"url\":\"http://p3-tt.bytecdn.cn/list/300x196/pgc-image/RAceu9QFpJR3Md.webp\"},{\"url\":\"http://p6-tt.bytecdn.cn/list/300x196/pgc-image/RAceu9QFpJR3Md.webp\"}],\"width\":228}]', '2019-03-01 13:42:08', '2019-03-01 13:42:08'),
(33, 'news_entertainment', 2, '谁是最美周芷若？高圆圆？佘诗曼？还是金庸愿为她改结局的周海媚？', 'http://mp.weixin.qq.com/s?src=11&timestamp=1551401130&ver=1457&signature=ex6ZjmTpUk4yfk7AkR3EHN64phE39WRAkc7V1VkJ4C0NoqHOMPLbiyIJr1h91leRT-Z4nJn2fMupo2swbyfJASzJBFTRhudWlLMUURk*sffQskpU*3-SQbMb03Z3TxY8&new=1', '今天「周海媚从周芷若变灭绝师太」上了热搜：新版《倚天屠龙记》中，曾经塑造了最美周芷若的周海媚，这回却演了灭绝师太。', '今天「周海媚从周芷若变灭绝师太」上了热搜：新版《倚天屠龙记》中，曾经塑造了最美周芷若的周海媚，这回却演了灭绝师太。', '陆家嘴周到', '[{\"height\":421,\"uri\":\"list/pgc-image/RJPsw4M9IYENTr\",\"url\":\"http://p9-tt.bytecdn.cn/list/300x196/pgc-image/RJPsw4M9IYENTr.webp\",\"url_list\":[{\"url\":\"http://p9-tt.bytecdn.cn/list/300x196/pgc-image/RJPsw4M9IYENTr.webp\"},{\"url\":\"http://p3-tt.bytecdn.cn/list/300x196/pgc-image/RJPsw4M9IYENTr.webp\"},{\"url\":\"http://p6-tt.bytecdn.cn/list/300x196/pgc-image/RJPsw4M9IYENTr.webp\"}],\"width\":750},{\"height\":337,\"uri\":\"list/pgc-image/RJPsw4YGwqXETI\",\"url\":\"http://p3-tt.bytecdn.cn/list/300x196/pgc-image/RJPsw4YGwqXETI.webp\",\"url_list\":[{\"url\":\"http://p3-tt.bytecdn.cn/list/300x196/pgc-image/RJPsw4YGwqXETI.webp\"},{\"url\":\"http://p9-tt.bytecdn.cn/list/300x196/pgc-image/RJPsw4YGwqXETI.webp\"},{\"url\":\"http://p1-tt.bytecdn.cn/list/300x196/pgc-image/RJPsw4YGwqXETI.webp\"}],\"width\":600},{\"height\":330,\"uri\":\"list/pgc-image/RJPsw4k7510hkD\",\"url\":\"http://p3-tt.bytecdn.cn/list/300x196/pgc-image/RJPsw4k7510hkD.webp\",\"url_list\":[{\"url\":\"http://p3-tt.bytecdn.cn/list/300x196/pgc-image/RJPsw4k7510hkD.webp\"},{\"url\":\"http://p9-tt.bytecdn.cn/list/300x196/pgc-image/RJPsw4k7510hkD.webp\"},{\"url\":\"http://p3-tt.bytecdn.cn/list/300x196/pgc-image/RJPsw4k7510hkD.webp\"}],\"width\":588}]', '2019-03-01 13:42:08', '2019-03-01 13:42:08'),
(34, 'news_entertainment', 2, '6对明星母女，韩雪和母亲像姐妹，最后一对“共用一张脸”', 'http://toutiao.com/group/6640971888795320839/', '【6对明星母女，韩雪和母亲像姐妹，最后一对“共用一张脸”！让我们来一起看看这6对明星母女吧。这是蔡依林和妈妈的合影，看到蔡依林的妈妈终于知道蔡依林的嘴巴到底像谁了，她和妈妈的嘴巴一模一样，笑起来非常有特色。', '【6对明星母女，韩雪和母亲像姐妹，最后一对“共用一张脸”！让我们来一起看看这6对明星母女吧。这是蔡依林和妈妈的合影，看到蔡依林的妈妈终于知道蔡依林的嘴巴到底像谁了，她和妈妈的嘴巴一模一样，笑起来非常有特色。', '陕西法制网', '[{\"height\":350,\"uri\":\"list/pgc-image/dab32f1d27f04ace92d13fac442458f3\",\"url\":\"http://p9-tt.bytecdn.cn/list/300x196/pgc-image/dab32f1d27f04ace92d13fac442458f3.webp\",\"url_list\":[{\"url\":\"http://p9-tt.bytecdn.cn/list/300x196/pgc-image/dab32f1d27f04ace92d13fac442458f3.webp\"},{\"url\":\"http://p9-tt.bytecdn.cn/list/300x196/pgc-image/dab32f1d27f04ace92d13fac442458f3.webp\"},{\"url\":\"http://p6-tt.bytecdn.cn/list/300x196/pgc-image/dab32f1d27f04ace92d13fac442458f3.webp\"}],\"width\":623},{\"height\":342,\"uri\":\"list/pgc-image/786de83a4f3849e184652d784e25c4d5\",\"url\":\"http://p3-tt.bytecdn.cn/list/300x196/pgc-image/786de83a4f3849e184652d784e25c4d5.webp\",\"url_list\":[{\"url\":\"http://p3-tt.bytecdn.cn/list/300x196/pgc-image/786de83a4f3849e184652d784e25c4d5.webp\"},{\"url\":\"http://p1-tt.bytecdn.cn/list/300x196/pgc-image/786de83a4f3849e184652d784e25c4d5.webp\"},{\"url\":\"http://p1-tt.bytecdn.cn/list/300x196/pgc-image/786de83a4f3849e184652d784e25c4d5.webp\"}],\"width\":609},{\"height\":213,\"uri\":\"list/pgc-image/6c2c26abe59e41a5843ae2eee4c83f9c\",\"url\":\"http://p3-tt.bytecdn.cn/list/300x196/pgc-image/6c2c26abe59e41a5843ae2eee4c83f9c.webp\",\"url_list\":[{\"url\":\"http://p3-tt.bytecdn.cn/list/300x196/pgc-image/6c2c26abe59e41a5843ae2eee4c83f9c.webp\"},{\"url\":\"http://p1-tt.bytecdn.cn/list/300x196/pgc-image/6c2c26abe59e41a5843ae2eee4c83f9c.webp\"},{\"url\":\"http://p9-tt.bytecdn.cn/list/300x196/pgc-image/6c2c26abe59e41a5843ae2eee4c83f9c.webp\"}],\"width\":379}]', '2019-03-01 13:42:08', '2019-03-01 13:42:08'),
(35, 'news_entertainment', 2, '14岁上央视，7次主持春晚，却在34岁患癌…她的伤口长出的是翅膀', 'http://toutiao.com/group/6661021755240350220/', '在历届的春晚主持人中大家对朱迅一点不会陌生2019央视元宵晚会她涂了“死亡芭比粉”口红却美貌不减刷新了年轻观众对口红颜色的认识15岁成为童星，17岁赴日边打工边读书，进入央视后曾一度是“综艺一姐”，却在事业巅峰期被查出患癌。', '在历届的春晚主持人中大家对朱迅一点不会陌生2019央视元宵晚会她涂了“死亡芭比粉”口红却美貌不减刷新了年轻观众对口红颜色的认识15岁成为童星，17岁赴日边打工边读书，进入央视后曾一度是“综艺一姐”，却在事业巅峰期被查出患癌。', '四川名医', '[{\"height\":303,\"uri\":\"list/pgc-image/6ef56be051c24330888a1e725455b1f7\",\"url\":\"http://p9-tt.bytecdn.cn/list/300x196/pgc-image/6ef56be051c24330888a1e725455b1f7.webp\",\"url_list\":[{\"url\":\"http://p9-tt.bytecdn.cn/list/300x196/pgc-image/6ef56be051c24330888a1e725455b1f7.webp\"},{\"url\":\"http://p1-tt.bytecdn.cn/list/300x196/pgc-image/6ef56be051c24330888a1e725455b1f7.webp\"},{\"url\":\"http://p3-tt.bytecdn.cn/list/300x196/pgc-image/6ef56be051c24330888a1e725455b1f7.webp\"}],\"width\":540},{\"height\":512,\"uri\":\"list/pgc-image/d7013fb4635f4a96a666331d80336577\",\"url\":\"http://p3-tt.bytecdn.cn/list/300x196/pgc-image/d7013fb4635f4a96a666331d80336577.webp\",\"url_list\":[{\"url\":\"http://p3-tt.bytecdn.cn/list/300x196/pgc-image/d7013fb4635f4a96a666331d80336577.webp\"},{\"url\":\"http://p1-tt.bytecdn.cn/list/300x196/pgc-image/d7013fb4635f4a96a666331d80336577.webp\"},{\"url\":\"http://p1-tt.bytecdn.cn/list/300x196/pgc-image/d7013fb4635f4a96a666331d80336577.webp\"}],\"width\":1080},{\"height\":360,\"uri\":\"list/pgc-image/cd537d248c3845c385bfa0b9adba2920\",\"url\":\"http://p3-tt.bytecdn.cn/list/300x196/pgc-image/cd537d248c3845c385bfa0b9adba2920.webp\",\"url_list\":[{\"url\":\"http://p3-tt.bytecdn.cn/list/300x196/pgc-image/cd537d248c3845c385bfa0b9adba2920.webp\"},{\"url\":\"http://p6-tt.bytecdn.cn/list/300x196/pgc-image/cd537d248c3845c385bfa0b9adba2920.webp\"},{\"url\":\"http://p1-tt.bytecdn.cn/list/300x196/pgc-image/cd537d248c3845c385bfa0b9adba2920.webp\"}],\"width\":640}]', '2019-03-01 13:42:08', '2019-03-01 13:42:08'),
(36, 'news_entertainment', 2, '明星早期照片：冯小刚年轻时确实有点辣眼睛，根本认不出来', 'http://toutiao.com/group/6642861795511894542/', '冯小刚年轻时确实有点辣眼睛，根本认不出来    李小龙和红颜知己的亲密合影，不得不说，李小龙的红颜知己非常有气质，令人赏心悦目   林志玲父母，看到林志玲的父母不得不感叹。', '冯小刚年轻时确实有点辣眼睛，根本认不出来    李小龙和红颜知己的亲密合影，不得不说，李小龙的红颜知己非常有气质，令人赏心悦目   林志玲父母，看到林志玲的父母不得不感叹。', '陕西法制网', '[{\"height\":360,\"uri\":\"list/pgc-image/355c33577c69432d8fe5e12426ea6d3a\",\"url\":\"http://p1-tt.bytecdn.cn/list/300x196/pgc-image/355c33577c69432d8fe5e12426ea6d3a.webp\",\"url_list\":[{\"url\":\"http://p1-tt.bytecdn.cn/list/300x196/pgc-image/355c33577c69432d8fe5e12426ea6d3a.webp\"},{\"url\":\"http://p3-tt.bytecdn.cn/list/300x196/pgc-image/355c33577c69432d8fe5e12426ea6d3a.webp\"},{\"url\":\"http://p9-tt.bytecdn.cn/list/300x196/pgc-image/355c33577c69432d8fe5e12426ea6d3a.webp\"}],\"width\":640},{\"height\":360,\"uri\":\"list/pgc-image/81777b482ce145989f6463d4babb361e\",\"url\":\"http://p1-tt.bytecdn.cn/list/300x196/pgc-image/81777b482ce145989f6463d4babb361e.webp\",\"url_list\":[{\"url\":\"http://p1-tt.bytecdn.cn/list/300x196/pgc-image/81777b482ce145989f6463d4babb361e.webp\"},{\"url\":\"http://p9-tt.bytecdn.cn/list/300x196/pgc-image/81777b482ce145989f6463d4babb361e.webp\"},{\"url\":\"http://p9-tt.bytecdn.cn/list/300x196/pgc-image/81777b482ce145989f6463d4babb361e.webp\"}],\"width\":640},{\"height\":359,\"uri\":\"list/pgc-image/4c9e243f21564b19ba93de23156be792\",\"url\":\"http://p3-tt.bytecdn.cn/list/300x196/pgc-image/4c9e243f21564b19ba93de23156be792.webp\",\"url_list\":[{\"url\":\"http://p3-tt.bytecdn.cn/list/300x196/pgc-image/4c9e243f21564b19ba93de23156be792.webp\"},{\"url\":\"http://p6-tt.bytecdn.cn/list/300x196/pgc-image/4c9e243f21564b19ba93de23156be792.webp\"},{\"url\":\"http://p1-tt.bytecdn.cn/list/300x196/pgc-image/4c9e243f21564b19ba93de23156be792.webp\"}],\"width\":639}]', '2019-03-01 13:42:08', '2019-03-01 13:42:08'),
(37, 'news_entertainment', 2, '一米二小矮人娶了长腿白富美！潘长江大喊不相信，非要他俩做这事', 'http://toutiao.com/group/6629938679085269511/', '《势不可挡》', '《势不可挡》', '中国安徽卫视', '', '2019-03-01 13:42:08', '2019-03-01 13:42:08'),
(38, 'news_entertainment', 2, '潜逃13年，拍戏走红后被认出逃犯，网友：潜伏现实版', 'http://m.gmw.cn/toutiao/2019-01/08/content_121990137.htm', '吉世光出生在齐齐哈尔一个普通家庭，他学习表演，一直想成为一名优秀的演员，却在成为演员之前做了一件让自己后悔终生的事情。', '吉世光出生在齐齐哈尔一个普通家庭，他学习表演，一直想成为一名优秀的演员，却在成为演员之前做了一件让自己后悔终生的事情。', '光明网', '[{\"height\":304,\"uri\":\"list/pgc-image/RDrVW635e16m4P\",\"url\":\"http://p3-tt.bytecdn.cn/list/300x196/pgc-image/RDrVW635e16m4P.webp\",\"url_list\":[{\"url\":\"http://p3-tt.bytecdn.cn/list/300x196/pgc-image/RDrVW635e16m4P.webp\"},{\"url\":\"http://p6-tt.bytecdn.cn/list/300x196/pgc-image/RDrVW635e16m4P.webp\"},{\"url\":\"http://p9-tt.bytecdn.cn/list/300x196/pgc-image/RDrVW635e16m4P.webp\"}],\"width\":542},{\"height\":320,\"uri\":\"list/pgc-image/REY30wG5vgqP0m\",\"url\":\"http://p6-tt.bytecdn.cn/list/300x196/pgc-image/REY30wG5vgqP0m.webp\",\"url_list\":[{\"url\":\"http://p6-tt.bytecdn.cn/list/300x196/pgc-image/REY30wG5vgqP0m.webp\"},{\"url\":\"http://p3-tt.bytecdn.cn/list/300x196/pgc-image/REY30wG5vgqP0m.webp\"},{\"url\":\"http://p1-tt.bytecdn.cn/list/300x196/pgc-image/REY30wG5vgqP0m.webp\"}],\"width\":570},{\"height\":280,\"uri\":\"list/pgc-image/RDrVW6U6qQqw3V\",\"url\":\"http://p3-tt.bytecdn.cn/list/300x196/pgc-image/RDrVW6U6qQqw3V.webp\",\"url_list\":[{\"url\":\"http://p3-tt.bytecdn.cn/list/300x196/pgc-image/RDrVW6U6qQqw3V.webp\"},{\"url\":\"http://p3-tt.bytecdn.cn/list/300x196/pgc-image/RDrVW6U6qQqw3V.webp\"},{\"url\":\"http://p3-tt.bytecdn.cn/list/300x196/pgc-image/RDrVW6U6qQqw3V.webp\"}],\"width\":498}]', '2019-03-01 13:42:08', '2019-03-01 13:42:08'),
(39, 'news_entertainment', 2, '为什么公主抱只拍近镜头？看到全景后恍然大悟，其实都是“套路”', 'http://m.gmw.cn/toutiao/2018-12/02/content_121862598.htm', '无论是古装剧还是偶像剧，都能看到不少浪漫的“公主抱”镜头。尤其是偶像剧中，当英俊帅气的男主角抱着温柔漂亮女主角时，真是苏到不行。', '无论是古装剧还是偶像剧，都能看到不少浪漫的“公主抱”镜头。尤其是偶像剧中，当英俊帅气的男主角抱着温柔漂亮女主角时，真是苏到不行。', '光明网', '[{\"height\":271,\"uri\":\"list/pgc-image/RB3CZEuEIx0zx2\",\"url\":\"http://p9-tt.bytecdn.cn/list/300x196/pgc-image/RB3CZEuEIx0zx2.webp\",\"url_list\":[{\"url\":\"http://p9-tt.bytecdn.cn/list/300x196/pgc-image/RB3CZEuEIx0zx2.webp\"},{\"url\":\"http://p9-tt.bytecdn.cn/list/300x196/pgc-image/RB3CZEuEIx0zx2.webp\"},{\"url\":\"http://p6-tt.bytecdn.cn/list/300x196/pgc-image/RB3CZEuEIx0zx2.webp\"}],\"width\":483},{\"height\":337,\"uri\":\"list/pgc-image/RB3CZF6FsDHcYi\",\"url\":\"http://p6-tt.bytecdn.cn/list/300x196/pgc-image/RB3CZF6FsDHcYi.webp\",\"url_list\":[{\"url\":\"http://p6-tt.bytecdn.cn/list/300x196/pgc-image/RB3CZF6FsDHcYi.webp\"},{\"url\":\"http://p1-tt.bytecdn.cn/list/300x196/pgc-image/RB3CZF6FsDHcYi.webp\"},{\"url\":\"http://p3-tt.bytecdn.cn/list/300x196/pgc-image/RB3CZF6FsDHcYi.webp\"}],\"width\":600},{\"height\":261,\"uri\":\"list/pgc-image/RB3CZFZ1pdL5Jk\",\"url\":\"http://p6-tt.bytecdn.cn/list/300x196/pgc-image/RB3CZFZ1pdL5Jk.webp\",\"url_list\":[{\"url\":\"http://p6-tt.bytecdn.cn/list/300x196/pgc-image/RB3CZFZ1pdL5Jk.webp\"},{\"url\":\"http://p6-tt.bytecdn.cn/list/300x196/pgc-image/RB3CZFZ1pdL5Jk.webp\"},{\"url\":\"http://p9-tt.bytecdn.cn/list/300x196/pgc-image/RB3CZFZ1pdL5Jk.webp\"}],\"width\":465}]', '2019-03-01 13:42:08', '2019-03-01 13:42:08'),
(40, 'news_entertainment', 2, '赵文卓送花为妻子庆祝40岁生日 一家五口幸福满满', 'https://m2.people.cn/r/MV8wXzEyMzkzNjgyXzE1MjBfMTU1MTQwMTYwNg==?source=da', '28日晚，赵文卓妻子在微博晒出庆祝40岁的生日照片。赵文卓写道：人生过半，不惑的年龄，努力保持一颗纯真的少女心，40岁你好。', '28日晚，赵文卓妻子在微博晒出庆祝40岁的生日照片。赵文卓写道：人生过半，不惑的年龄，努力保持一颗纯真的少女心，40岁你好。', '人民网', '[{\"height\":309,\"uri\":\"list/pgc-image/RJQJGzaIELknJg\",\"url\":\"http://p3-tt.bytecdn.cn/list/300x196/pgc-image/RJQJGzaIELknJg.webp\",\"url_list\":[{\"url\":\"http://p3-tt.bytecdn.cn/list/300x196/pgc-image/RJQJGzaIELknJg.webp\"},{\"url\":\"http://p1-tt.bytecdn.cn/list/300x196/pgc-image/RJQJGzaIELknJg.webp\"},{\"url\":\"http://p6-tt.bytecdn.cn/list/300x196/pgc-image/RJQJGzaIELknJg.webp\"}],\"width\":550},{\"height\":309,\"uri\":\"list/pgc-image/RJQJGzn8CEENkB\",\"url\":\"http://p9-tt.bytecdn.cn/list/300x196/pgc-image/RJQJGzn8CEENkB.webp\",\"url_list\":[{\"url\":\"http://p9-tt.bytecdn.cn/list/300x196/pgc-image/RJQJGzn8CEENkB.webp\"},{\"url\":\"http://p6-tt.bytecdn.cn/list/300x196/pgc-image/RJQJGzn8CEENkB.webp\"},{\"url\":\"http://p6-tt.bytecdn.cn/list/300x196/pgc-image/RJQJGzn8CEENkB.webp\"}],\"width\":550},{\"height\":309,\"uri\":\"list/pgc-image/RJQJH014QT7pUd\",\"url\":\"http://p6-tt.bytecdn.cn/list/300x196/pgc-image/RJQJH014QT7pUd.webp\",\"url_list\":[{\"url\":\"http://p6-tt.bytecdn.cn/list/300x196/pgc-image/RJQJH014QT7pUd.webp\"},{\"url\":\"http://p9-tt.bytecdn.cn/list/300x196/pgc-image/RJQJH014QT7pUd.webp\"},{\"url\":\"http://p6-tt.bytecdn.cn/list/300x196/pgc-image/RJQJH014QT7pUd.webp\"}],\"width\":550}]', '2019-03-01 13:42:08', '2019-03-01 13:42:08'),
(41, 'news_tech', 3, '#净网2019#网贷骗局再升级……', 'http://toutiao.com/group/6663240463480259075/', '随着互联网的不断发展，电子钱包逐渐普及，随之衍生而来的网贷产品也逐渐增多。很多网贷产品又凭借着秒放款、利息低、无需抵押以及数千甚至数万额度等特质吸引了大量用户。', '随着互联网的不断发展，电子钱包逐渐普及，随之衍生而来的网贷产品也逐渐增多。很多网贷产品又凭借着秒放款、利息低、无需抵押以及数千甚至数万额度等特质吸引了大量用户。', '新疆网警巡查执法', '[{\"height\":159,\"uri\":\"list/pgc-image/2518fbfb44a74463beb2870b6b8546da\",\"url\":\"http://p9-tt.bytecdn.cn/list/300x196/pgc-image/2518fbfb44a74463beb2870b6b8546da.webp\",\"url_list\":[{\"url\":\"http://p9-tt.bytecdn.cn/list/300x196/pgc-image/2518fbfb44a74463beb2870b6b8546da.webp\"},{\"url\":\"http://p1-tt.bytecdn.cn/list/300x196/pgc-image/2518fbfb44a74463beb2870b6b8546da.webp\"},{\"url\":\"http://p3-tt.bytecdn.cn/list/300x196/pgc-image/2518fbfb44a74463beb2870b6b8546da.webp\"}],\"width\":283},{\"height\":306,\"uri\":\"list/pgc-image/fc377bffd16f450d99623ad9a154a7d4\",\"url\":\"http://p6-tt.bytecdn.cn/list/300x196/pgc-image/fc377bffd16f450d99623ad9a154a7d4.webp\",\"url_list\":[{\"url\":\"http://p6-tt.bytecdn.cn/list/300x196/pgc-image/fc377bffd16f450d99623ad9a154a7d4.webp\"},{\"url\":\"http://p1-tt.bytecdn.cn/list/300x196/pgc-image/fc377bffd16f450d99623ad9a154a7d4.webp\"},{\"url\":\"http://p9-tt.bytecdn.cn/list/300x196/pgc-image/fc377bffd16f450d99623ad9a154a7d4.webp\"}],\"width\":545},{\"height\":259,\"uri\":\"list/pgc-image/1528394386661c75f0139ba\",\"url\":\"http://p1-tt.bytecdn.cn/list/300x196/pgc-image/1528394386661c75f0139ba.webp\",\"url_list\":[{\"url\":\"http://p1-tt.bytecdn.cn/list/300x196/pgc-image/1528394386661c75f0139ba.webp\"},{\"url\":\"http://p1-tt.bytecdn.cn/list/300x196/pgc-image/1528394386661c75f0139ba.webp\"},{\"url\":\"http://p1-tt.bytecdn.cn/list/300x196/pgc-image/1528394386661c75f0139ba.webp\"}],\"width\":462}]', '2019-03-01 13:42:26', '2019-03-01 13:42:26'),
(42, 'news_tech', 3, '苹果攫取 62% 的手机利润 国产手机涨价对抗', 'http://news.ikanchai.com/2019/0228/270120.shtml', '此前市场数据统计机构Counterpoint发布的2018年二季度全球智能手机品牌利润分布情况中，数据显示苹果依然攫取了智能手机市场的大部分利润，成功拿下了全球手机62%的利润。', '此前市场数据统计机构Counterpoint发布的2018年二季度全球智能手机品牌利润分布情况中，数据显示苹果依然攫取了智能手机市场的大部分利润，成功拿下了全球手机62%的利润。', '砍柴网', '', '2019-03-01 13:42:26', '2019-03-01 13:42:26'),
(43, 'news_tech', 3, 'Type-C接口的多种用途', 'http://toutiao.com/group/6663256179331826190/', '早年乐视首款USBType-C手机上市后，越来越多的手机都改用Type-C接口，到现在大家对这个接口也不再陌生。', '早年乐视首款USBType-C手机上市后，越来越多的手机都改用Type-C接口，到现在大家对这个接口也不再陌生。', '迈拓维矩', '[{\"height\":408,\"uri\":\"list/dfic-imagehandler/39ab4d10-c21a-472f-bd17-0375e75e91de\",\"url\":\"http://p1-tt.bytecdn.cn/list/300x196/dfic-imagehandler/39ab4d10-c21a-472f-bd17-0375e75e91de.webp\",\"url_list\":[{\"url\":\"http://p1-tt.bytecdn.cn/list/300x196/dfic-imagehandler/39ab4d10-c21a-472f-bd17-0375e75e91de.webp\"},{\"url\":\"http://p3-tt.bytecdn.cn/list/300x196/dfic-imagehandler/39ab4d10-c21a-472f-bd17-0375e75e91de.webp\"},{\"url\":\"http://p6-tt.bytecdn.cn/list/300x196/dfic-imagehandler/39ab4d10-c21a-472f-bd17-0375e75e91de.webp\"}],\"width\":727},{\"height\":287,\"uri\":\"list/dfic-imagehandler/0fefe275-9783-4bac-b33b-1fb0affba39d\",\"url\":\"http://p1-tt.bytecdn.cn/list/300x196/dfic-imagehandler/0fefe275-9783-4bac-b33b-1fb0affba39d.webp\",\"url_list\":[{\"url\":\"http://p1-tt.bytecdn.cn/list/300x196/dfic-imagehandler/0fefe275-9783-4bac-b33b-1fb0affba39d.webp\"},{\"url\":\"http://p3-tt.bytecdn.cn/list/300x196/dfic-imagehandler/0fefe275-9783-4bac-b33b-1fb0affba39d.webp\"},{\"url\":\"http://p1-tt.bytecdn.cn/list/300x196/dfic-imagehandler/0fefe275-9783-4bac-b33b-1fb0affba39d.webp\"}],\"width\":511},{\"height\":303,\"uri\":\"list/dfic-imagehandler/3a1b1f91-bd06-4726-a5fd-a71427db69eb\",\"url\":\"http://p1-tt.bytecdn.cn/list/300x196/dfic-imagehandler/3a1b1f91-bd06-4726-a5fd-a71427db69eb.webp\",\"url_list\":[{\"url\":\"http://p1-tt.bytecdn.cn/list/300x196/dfic-imagehandler/3a1b1f91-bd06-4726-a5fd-a71427db69eb.webp\"},{\"url\":\"http://p3-tt.bytecdn.cn/list/300x196/dfic-imagehandler/3a1b1f91-bd06-4726-a5fd-a71427db69eb.webp\"},{\"url\":\"http://p1-tt.bytecdn.cn/list/300x196/dfic-imagehandler/3a1b1f91-bd06-4726-a5fd-a71427db69eb.webp\"}],\"width\":539}]', '2019-03-01 13:42:26', '2019-03-01 13:42:26'),
(44, 'news_tech', 3, '艺术金融化至少有两大好处', 'http://toutiao.com/group/6662977170559730184/', '投资者投资与交易的是艺术品资产的金融份额，可大可小，可多可少，艺术金融从真正意义上让艺术品走进了“寻常百姓家”。', '投资者投资与交易的是艺术品资产的金融份额，可大可小，可多可少，艺术金融从真正意义上让艺术品走进了“寻常百姓家”。', '汇鑫藏品', '[{\"height\":697,\"uri\":\"list/pgc-image/8bef0cb96f764d1ca9408852115d8f6a\",\"url\":\"http://p6-tt.bytecdn.cn/list/300x196/pgc-image/8bef0cb96f764d1ca9408852115d8f6a.webp\",\"url_list\":[{\"url\":\"http://p6-tt.bytecdn.cn/list/300x196/pgc-image/8bef0cb96f764d1ca9408852115d8f6a.webp\"},{\"url\":\"http://p3-tt.bytecdn.cn/list/300x196/pgc-image/8bef0cb96f764d1ca9408852115d8f6a.webp\"},{\"url\":\"http://p9-tt.bytecdn.cn/list/300x196/pgc-image/8bef0cb96f764d1ca9408852115d8f6a.webp\"}],\"width\":1352},{\"height\":453,\"uri\":\"list/pgc-image/f5d1d14759c542d2af0ae854fedea479\",\"url\":\"http://p6-tt.bytecdn.cn/list/300x196/pgc-image/f5d1d14759c542d2af0ae854fedea479.webp\",\"url_list\":[{\"url\":\"http://p6-tt.bytecdn.cn/list/300x196/pgc-image/f5d1d14759c542d2af0ae854fedea479.webp\"},{\"url\":\"http://p6-tt.bytecdn.cn/list/300x196/pgc-image/f5d1d14759c542d2af0ae854fedea479.webp\"},{\"url\":\"http://p6-tt.bytecdn.cn/list/300x196/pgc-image/f5d1d14759c542d2af0ae854fedea479.webp\"}],\"width\":807},{\"height\":524,\"uri\":\"list/pgc-image/75abae5dbddd45208f91bf9a18800814\",\"url\":\"http://p9-tt.bytecdn.cn/list/300x196/pgc-image/75abae5dbddd45208f91bf9a18800814.webp\",\"url_list\":[{\"url\":\"http://p9-tt.bytecdn.cn/list/300x196/pgc-image/75abae5dbddd45208f91bf9a18800814.webp\"},{\"url\":\"http://p1-tt.bytecdn.cn/list/300x196/pgc-image/75abae5dbddd45208f91bf9a18800814.webp\"},{\"url\":\"http://p3-tt.bytecdn.cn/list/300x196/pgc-image/75abae5dbddd45208f91bf9a18800814.webp\"}],\"width\":933}]', '2019-03-01 13:42:26', '2019-03-01 13:42:26'),
(45, 'news_tech', 3, '华为对比三星电子：看到了这组数据后，网友：没想到差距这么大！', 'http://toutiao.com/group/6663249537236206087/', '前不久，知名调研机构IDC公布了2018年全球手机出货量报告，去年智能手机共计出货14.049亿台，出现了小幅的下滑。', '前不久，知名调研机构IDC公布了2018年全球手机出货量报告，去年智能手机共计出货14.049亿台，出现了小幅的下滑。', '沙州高速交警', '[{\"height\":337,\"uri\":\"list/pgc-image/08d0f79f8ab240089b9ad57c85722cf8\",\"url\":\"http://p3-tt.bytecdn.cn/list/300x196/pgc-image/08d0f79f8ab240089b9ad57c85722cf8.webp\",\"url_list\":[{\"url\":\"http://p3-tt.bytecdn.cn/list/300x196/pgc-image/08d0f79f8ab240089b9ad57c85722cf8.webp\"},{\"url\":\"http://p9-tt.bytecdn.cn/list/300x196/pgc-image/08d0f79f8ab240089b9ad57c85722cf8.webp\"},{\"url\":\"http://p1-tt.bytecdn.cn/list/300x196/pgc-image/08d0f79f8ab240089b9ad57c85722cf8.webp\"}],\"width\":600},{\"height\":377,\"uri\":\"list/pgc-image/36332719313a41af90eea0cde6f61d00\",\"url\":\"http://p9-tt.bytecdn.cn/list/300x196/pgc-image/36332719313a41af90eea0cde6f61d00.webp\",\"url_list\":[{\"url\":\"http://p9-tt.bytecdn.cn/list/300x196/pgc-image/36332719313a41af90eea0cde6f61d00.webp\"},{\"url\":\"http://p9-tt.bytecdn.cn/list/300x196/pgc-image/36332719313a41af90eea0cde6f61d00.webp\"},{\"url\":\"http://p3-tt.bytecdn.cn/list/300x196/pgc-image/36332719313a41af90eea0cde6f61d00.webp\"}],\"width\":671},{\"height\":247,\"uri\":\"list/pgc-image/9fe2fb4ac166441481a0ab325dea969c\",\"url\":\"http://p9-tt.bytecdn.cn/list/300x196/pgc-image/9fe2fb4ac166441481a0ab325dea969c.webp\",\"url_list\":[{\"url\":\"http://p9-tt.bytecdn.cn/list/300x196/pgc-image/9fe2fb4ac166441481a0ab325dea969c.webp\"},{\"url\":\"http://p6-tt.bytecdn.cn/list/300x196/pgc-image/9fe2fb4ac166441481a0ab325dea969c.webp\"},{\"url\":\"http://p1-tt.bytecdn.cn/list/300x196/pgc-image/9fe2fb4ac166441481a0ab325dea969c.webp\"}],\"width\":440}]', '2019-03-01 13:42:26', '2019-03-01 13:42:26'),
(46, 'news_tech', 3, '异能无人机董事长蔡辉敏获评“东莞十大经济人物”', 'http://toutiao.com/group/6662935589270061576/', '恭喜我司董事长蔡辉敏： 获得东莞经济年会组委会颁发的 2018年度“东莞十大经济人物”荣誉称号。 为探索东莞经济的高质量增长路径，1月6日，由东莞市工商业联合会、东莞市科学技术协会指导，东莞经济与城市发展研究会主办的“2019第十一届东莞经济年会”在松山湖中科院云计算机中心举办。', '恭喜我司董事长蔡辉敏： 获得东莞经济年会组委会颁发的 2018年度“东莞十大经济人物”荣誉称号。 为探索东莞经济的高质量增长路径，1月6日，由东莞市工商业联合会、东莞市科学技术协会指导，东莞经济与城市发展研究会主办的“2019第十一届东莞经济年会”在松山湖中科院云计算机中心举办。', '异能无人机', '[{\"height\":544,\"uri\":\"list/pgc-image/20464272bdc248a2a8f93b6f61af64ac\",\"url\":\"http://p6-tt.bytecdn.cn/list/300x196/pgc-image/20464272bdc248a2a8f93b6f61af64ac.webp\",\"url_list\":[{\"url\":\"http://p6-tt.bytecdn.cn/list/300x196/pgc-image/20464272bdc248a2a8f93b6f61af64ac.webp\"},{\"url\":\"http://p1-tt.bytecdn.cn/list/300x196/pgc-image/20464272bdc248a2a8f93b6f61af64ac.webp\"},{\"url\":\"http://p1-tt.bytecdn.cn/list/300x196/pgc-image/20464272bdc248a2a8f93b6f61af64ac.webp\"}],\"width\":1080},{\"height\":607,\"uri\":\"list/pgc-image/35157dacfc0b43de8b2f0376b4b1f7f3\",\"url\":\"http://p3-tt.bytecdn.cn/list/300x196/pgc-image/35157dacfc0b43de8b2f0376b4b1f7f3.webp\",\"url_list\":[{\"url\":\"http://p3-tt.bytecdn.cn/list/300x196/pgc-image/35157dacfc0b43de8b2f0376b4b1f7f3.webp\"},{\"url\":\"http://p6-tt.bytecdn.cn/list/300x196/pgc-image/35157dacfc0b43de8b2f0376b4b1f7f3.webp\"},{\"url\":\"http://p1-tt.bytecdn.cn/list/300x196/pgc-image/35157dacfc0b43de8b2f0376b4b1f7f3.webp\"}],\"width\":1080},{\"height\":607,\"uri\":\"list/pgc-image/cdf93c2b6f9747029bff3e36da362b2b\",\"url\":\"http://p6-tt.bytecdn.cn/list/300x196/pgc-image/cdf93c2b6f9747029bff3e36da362b2b.webp\",\"url_list\":[{\"url\":\"http://p6-tt.bytecdn.cn/list/300x196/pgc-image/cdf93c2b6f9747029bff3e36da362b2b.webp\"},{\"url\":\"http://p6-tt.bytecdn.cn/list/300x196/pgc-image/cdf93c2b6f9747029bff3e36da362b2b.webp\"},{\"url\":\"http://p1-tt.bytecdn.cn/list/300x196/pgc-image/cdf93c2b6f9747029bff3e36da362b2b.webp\"}],\"width\":1080}]', '2019-03-01 13:42:26', '2019-03-01 13:42:26'),
(47, 'news_tech', 3, 'N+现场丨世界移动大会（MWC 2019）将召开，5G是绝对主角', 'http://mp.weixin.qq.com/s?src=11&timestamp=1551367877&ver=1456&signature=6rfMb9o-uVnnItBFk0yGLj7Pm-wvZafD9MkSodAsFXwywgsRdwBkklcn45lt*J6yVH1M1pc6alz0cBXvPKzcSlCNsC5qnMLfz*O20i0DQHTv*Dmj3*2hREaILHMblnGQ&new=1', '此外，N+财经记者从中国联通方面获悉，中国联通将与中兴方面带来首款5G旗舰手机中兴天机Axon10Pro。', '此外，N+财经记者从中国联通方面获悉，中国联通将与中兴方面带来首款5G旗舰手机中兴天机Axon10Pro。', 'N十财经', '[{\"height\":200,\"uri\":\"list/pgc-image/RCSybdd740MIuU\",\"url\":\"http://p3-tt.bytecdn.cn/list/300x196/pgc-image/RCSybdd740MIuU.webp\",\"url_list\":[{\"url\":\"http://p3-tt.bytecdn.cn/list/300x196/pgc-image/RCSybdd740MIuU.webp\"},{\"url\":\"http://p9-tt.bytecdn.cn/list/300x196/pgc-image/RCSybdd740MIuU.webp\"},{\"url\":\"http://p1-tt.bytecdn.cn/list/300x196/pgc-image/RCSybdd740MIuU.webp\"}],\"width\":800},{\"height\":607,\"uri\":\"list/pgc-image/RJO1VuQAohYCF8\",\"url\":\"http://p3-tt.bytecdn.cn/list/300x196/pgc-image/RJO1VuQAohYCF8.webp\",\"url_list\":[{\"url\":\"http://p3-tt.bytecdn.cn/list/300x196/pgc-image/RJO1VuQAohYCF8.webp\"},{\"url\":\"http://p1-tt.bytecdn.cn/list/300x196/pgc-image/RJO1VuQAohYCF8.webp\"},{\"url\":\"http://p1-tt.bytecdn.cn/list/300x196/pgc-image/RJO1VuQAohYCF8.webp\"}],\"width\":1080},{\"height\":159,\"uri\":\"list/pgc-image/RCSybez30ZuDYk\",\"url\":\"http://p9-tt.bytecdn.cn/list/300x196/pgc-image/RCSybez30ZuDYk.webp\",\"url_list\":[{\"url\":\"http://p9-tt.bytecdn.cn/list/300x196/pgc-image/RCSybez30ZuDYk.webp\"},{\"url\":\"http://p6-tt.bytecdn.cn/list/300x196/pgc-image/RCSybez30ZuDYk.webp\"},{\"url\":\"http://p3-tt.bytecdn.cn/list/300x196/pgc-image/RCSybez30ZuDYk.webp\"}],\"width\":1080}]', '2019-03-01 13:42:26', '2019-03-01 13:42:26'),
(48, 'news_tech', 3, '“碰一碰”，开启支付新模式!', 'http://toutiao.com/group/6662931487647597067/', '华为“碰一碰”来了，可折叠iPhone安排上了！2018年，拥有“全面屏+屏幕指纹识别”的手机卖得最好。', '华为“碰一碰”来了，可折叠iPhone安排上了！2018年，拥有“全面屏+屏幕指纹识别”的手机卖得最好。', '烟台上禾知识产权', '[{\"height\":337,\"uri\":\"list/pgc-image/92b00368e5de4c9cb9c4aa6860811563\",\"url\":\"http://p3-tt.bytecdn.cn/list/300x196/pgc-image/92b00368e5de4c9cb9c4aa6860811563.webp\",\"url_list\":[{\"url\":\"http://p3-tt.bytecdn.cn/list/300x196/pgc-image/92b00368e5de4c9cb9c4aa6860811563.webp\"},{\"url\":\"http://p9-tt.bytecdn.cn/list/300x196/pgc-image/92b00368e5de4c9cb9c4aa6860811563.webp\"},{\"url\":\"http://p9-tt.bytecdn.cn/list/300x196/pgc-image/92b00368e5de4c9cb9c4aa6860811563.webp\"}],\"width\":600},{\"height\":337,\"uri\":\"list/pgc-image/ef3aab4d9c094ef59d1df266bcac3324\",\"url\":\"http://p6-tt.bytecdn.cn/list/300x196/pgc-image/ef3aab4d9c094ef59d1df266bcac3324.webp\",\"url_list\":[{\"url\":\"http://p6-tt.bytecdn.cn/list/300x196/pgc-image/ef3aab4d9c094ef59d1df266bcac3324.webp\"},{\"url\":\"http://p1-tt.bytecdn.cn/list/300x196/pgc-image/ef3aab4d9c094ef59d1df266bcac3324.webp\"},{\"url\":\"http://p3-tt.bytecdn.cn/list/300x196/pgc-image/ef3aab4d9c094ef59d1df266bcac3324.webp\"}],\"width\":600},{\"height\":309,\"uri\":\"list/pgc-image/dea8f8a057974f2982e8243bd586a78f\",\"url\":\"http://p1-tt.bytecdn.cn/list/300x196/pgc-image/dea8f8a057974f2982e8243bd586a78f.webp\",\"url_list\":[{\"url\":\"http://p1-tt.bytecdn.cn/list/300x196/pgc-image/dea8f8a057974f2982e8243bd586a78f.webp\"},{\"url\":\"http://p3-tt.bytecdn.cn/list/300x196/pgc-image/dea8f8a057974f2982e8243bd586a78f.webp\"},{\"url\":\"http://p1-tt.bytecdn.cn/list/300x196/pgc-image/dea8f8a057974f2982e8243bd586a78f.webp\"}],\"width\":550}]', '2019-03-01 13:42:26', '2019-03-01 13:42:26'),
(49, 'news_tech', 3, '曝三星Galaxy A90弹出式摄像头或可旋转', 'http://toutiao.com/group/6662962074353664524/', '根A90将采用弹出式摄像头设计，而现据@Onleaks称，这颗摄像头还可以旋转。@Onleaks称，GalaxyA90不会采用通常的前后摄像头设置，而是会采用弹出式摄像头，跟OPPOFindX的类似。', '根A90将采用弹出式摄像头设计，而现据@Onleaks称，这颗摄像头还可以旋转。@Onleaks称，GalaxyA90不会采用通常的前后摄像头设置，而是会采用弹出式摄像头，跟OPPOFindX的类似。', '互联网大事记', '', '2019-03-01 13:42:26', '2019-03-01 13:42:26'),
(50, 'news_tech', 3, '核能入选《麻省理工科技评论》2019十大突破技术！', 'http://mp.weixin.qq.com/s?src=11&timestamp=1551350541&ver=1456&signature=JIzb-2gUyoBufMTUBvBO41DpfI4OS3PbfrfaEMqeaKK7wlt2pHFwAHiWYheBOAtQlfM026YE*QcLiAQmqSX6zJpVcy6IJzVfohM4Ie3FLqKK3-f*4ocSORRNw081iFde&new=1', '2019年2月27日下午，《麻省理工科技评论》2019年全球十大突破性技术”正式揭晓。每年上榜的技术，有的已经在现实中得以应用，有的还尚需假以时日，但它们的重要性都毋庸讳言，有的会对我们未来的经济政治生活产生重大影响，有的甚至会彻底改变整个社会面貌。', '2019年2月27日下午，《麻省理工科技评论》2019年全球十大突破性技术”正式揭晓。每年上榜的技术，有的已经在现实中得以应用，有的还尚需假以时日，但它们的重要性都毋庸讳言，有的会对我们未来的经济政治生活产生重大影响，有的甚至会彻底改变整个社会面貌。', '能源圈', '[{\"height\":320,\"uri\":\"list/pgc-image/152604338993063a702fe93\",\"url\":\"http://p1-tt.bytecdn.cn/list/300x196/pgc-image/152604338993063a702fe93.webp\",\"url_list\":[{\"url\":\"http://p1-tt.bytecdn.cn/list/300x196/pgc-image/152604338993063a702fe93.webp\"},{\"url\":\"http://p1-tt.bytecdn.cn/list/300x196/pgc-image/152604338993063a702fe93.webp\"},{\"url\":\"http://p9-tt.bytecdn.cn/list/300x196/pgc-image/152604338993063a702fe93.webp\"}],\"width\":640},{\"height\":421,\"uri\":\"list/pgc-image/RJIX2uEFv76OaR\",\"url\":\"http://p3-tt.bytecdn.cn/list/300x196/pgc-image/RJIX2uEFv76OaR.webp\",\"url_list\":[{\"url\":\"http://p3-tt.bytecdn.cn/list/300x196/pgc-image/RJIX2uEFv76OaR.webp\"},{\"url\":\"http://p1-tt.bytecdn.cn/list/300x196/pgc-image/RJIX2uEFv76OaR.webp\"},{\"url\":\"http://p3-tt.bytecdn.cn/list/300x196/pgc-image/RJIX2uEFv76OaR.webp\"}],\"width\":750},{\"height\":421,\"uri\":\"list/pgc-image/RJIX2ufAHepFYC\",\"url\":\"http://p3-tt.bytecdn.cn/list/300x196/pgc-image/RJIX2ufAHepFYC.webp\",\"url_list\":[{\"url\":\"http://p3-tt.bytecdn.cn/list/300x196/pgc-image/RJIX2ufAHepFYC.webp\"},{\"url\":\"http://p3-tt.bytecdn.cn/list/300x196/pgc-image/RJIX2ufAHepFYC.webp\"},{\"url\":\"http://p1-tt.bytecdn.cn/list/300x196/pgc-image/RJIX2ufAHepFYC.webp\"}],\"width\":750}]', '2019-03-01 13:42:26', '2019-03-01 13:42:26'),
(51, 'news_tech', 3, '华为 P30/P30 Pro 正反面高清渲染图曝光', 'http://news.ikanchai.com/2019/0228/270125.shtml', '现在外媒winfuture曝光了两款新机的官方渲染图，图片跟此前的所谓华为P30Pro机模并不相同。', '现在外媒winfuture曝光了两款新机的官方渲染图，图片跟此前的所谓华为P30Pro机模并不相同。', '砍柴网', '[{\"height\":387,\"uri\":\"list/pgc-image/RJMBWpABKgu4pm\",\"url\":\"http://p9-tt.bytecdn.cn/list/300x196/pgc-image/RJMBWpABKgu4pm.webp\",\"url_list\":[{\"url\":\"http://p9-tt.bytecdn.cn/list/300x196/pgc-image/RJMBWpABKgu4pm.webp\"},{\"url\":\"http://p6-tt.bytecdn.cn/list/300x196/pgc-image/RJMBWpABKgu4pm.webp\"},{\"url\":\"http://p3-tt.bytecdn.cn/list/300x196/pgc-image/RJMBWpABKgu4pm.webp\"}],\"width\":689},{\"height\":216,\"uri\":\"list/pgc-image/RJMBWpR80MNUf1\",\"url\":\"http://p3-tt.bytecdn.cn/list/300x196/pgc-image/RJMBWpR80MNUf1.webp\",\"url_list\":[{\"url\":\"http://p3-tt.bytecdn.cn/list/300x196/pgc-image/RJMBWpR80MNUf1.webp\"},{\"url\":\"http://p9-tt.bytecdn.cn/list/300x196/pgc-image/RJMBWpR80MNUf1.webp\"},{\"url\":\"http://p9-tt.bytecdn.cn/list/300x196/pgc-image/RJMBWpR80MNUf1.webp\"}],\"width\":384},{\"height\":216,\"uri\":\"list/pgc-image/RJMBWpg4IWvtcA\",\"url\":\"http://p3-tt.bytecdn.cn/list/300x196/pgc-image/RJMBWpg4IWvtcA.webp\",\"url_list\":[{\"url\":\"http://p3-tt.bytecdn.cn/list/300x196/pgc-image/RJMBWpg4IWvtcA.webp\"},{\"url\":\"http://p3-tt.bytecdn.cn/list/300x196/pgc-image/RJMBWpg4IWvtcA.webp\"},{\"url\":\"http://p9-tt.bytecdn.cn/list/300x196/pgc-image/RJMBWpg4IWvtcA.webp\"}],\"width\":384}]', '2019-03-01 13:42:26', '2019-03-01 13:42:26'),
(52, 'news_tech', 3, '黑鲨喊话小米/一加/OPPO/iQOO：不是所有旗舰都叫游戏手机', 'http://m.mydrivers.com/xiaozhi/newsview.aspx?tid=617575', '3月1日上午，黑鲨科技CEO吴世敏微博@OPPO创始人兼CEO陈明永、一加创始人兼CEO刘作虎、小米创办人兼CEO雷军以及vivo副总裁、iQOO品牌负责人冯宇飞。', '3月1日上午，黑鲨科技CEO吴世敏微博@OPPO创始人兼CEO陈明永、一加创始人兼CEO刘作虎、小米创办人兼CEO雷军以及vivo副总裁、iQOO品牌负责人冯宇飞。', '驱动之家', '[{\"height\":160,\"uri\":\"list/pgc-image/RJQqd2DAPN024x\",\"url\":\"http://p1-tt.bytecdn.cn/list/300x196/pgc-image/RJQqd2DAPN024x.webp\",\"url_list\":[{\"url\":\"http://p1-tt.bytecdn.cn/list/300x196/pgc-image/RJQqd2DAPN024x.webp\"},{\"url\":\"http://p3-tt.bytecdn.cn/list/300x196/pgc-image/RJQqd2DAPN024x.webp\"},{\"url\":\"http://p3-tt.bytecdn.cn/list/300x196/pgc-image/RJQqd2DAPN024x.webp\"}],\"width\":600},{\"height\":337,\"uri\":\"list/pgc-image/RBOfLTFAzIDj3y\",\"url\":\"http://p9-tt.bytecdn.cn/list/300x196/pgc-image/RBOfLTFAzIDj3y.webp\",\"url_list\":[{\"url\":\"http://p9-tt.bytecdn.cn/list/300x196/pgc-image/RBOfLTFAzIDj3y.webp\"},{\"url\":\"http://p3-tt.bytecdn.cn/list/300x196/pgc-image/RBOfLTFAzIDj3y.webp\"},{\"url\":\"http://p6-tt.bytecdn.cn/list/300x196/pgc-image/RBOfLTFAzIDj3y.webp\"}],\"width\":600},{\"height\":337,\"uri\":\"list/pgc-image/RJQqd2cGtPRfWA\",\"url\":\"http://p9-tt.bytecdn.cn/list/300x196/pgc-image/RJQqd2cGtPRfWA.webp\",\"url_list\":[{\"url\":\"http://p9-tt.bytecdn.cn/list/300x196/pgc-image/RJQqd2cGtPRfWA.webp\"},{\"url\":\"http://p3-tt.bytecdn.cn/list/300x196/pgc-image/RJQqd2cGtPRfWA.webp\"},{\"url\":\"http://p6-tt.bytecdn.cn/list/300x196/pgc-image/RJQqd2cGtPRfWA.webp\"}],\"width\":600}]', '2019-03-01 13:42:26', '2019-03-01 13:42:26'),
(53, 'news_tech', 3, '5G手机、10倍混合光学变焦，OPPO技术创新无止境！', 'http://toutiao.com/group/6662938773845705224/', '会上，OPPO向全球消费者展示了旗下首部5G手机并启动了“OPPO5G登陆行动”。同时宣布将于今年上半年推出商用5G手机。', '会上，OPPO向全球消费者展示了旗下首部5G手机并启动了“OPPO5G登陆行动”。同时宣布将于今年上半年推出商用5G手机。', '科技客评', '', '2019-03-01 13:42:26', '2019-03-01 13:42:26'),
(54, 'news_tech', 3, '百度回应百科外链指向色情网站：已删除并排查中', 'http://www.ymtmt.com/news/index/detailkxbl/id/4123.html', '2019-03-0109:10针对有文章指出，进入部分广州学校的百度百科页面之后，点击参考文献中的“广州上学网”会进入色情网站。', '2019-03-0109:10针对有文章指出，进入部分广州学校的百度百科页面之后，点击参考文献中的“广州上学网”会进入色情网站。', '一鸣网', '', '2019-03-01 13:42:26', '2019-03-01 13:42:26'),
(55, 'news_tech', 3, '权威发布：《麻省理工科技评论》2019年“全球十大突破性技术”', 'http://toutiao.com/group/6662898757916426763/', '自 2001 年起，《麻省理工科技评论》每年都会评选出当年的“十大突破性技术”，这份在全球科技领域举足轻重的榜单曾精准预测了脑机接口、智能手表、癌症基因疗法、深度学习等诸多热门技术的崛起。', '自 2001 年起，《麻省理工科技评论》每年都会评选出当年的“十大突破性技术”，这份在全球科技领域举足轻重的榜单曾精准预测了脑机接口、智能手表、癌症基因疗法、深度学习等诸多热门技术的崛起。', '中国工程科技知识中心', '', '2019-03-01 13:42:26', '2019-03-01 13:42:26');
INSERT INTO `news` (`news_id`, `news_category_id`, `news_producer_id`, `news_title`, `news_url`, `news_abstract`, `news_content`, `news_source`, `news_image_list`, `create_time`, `last_edit_time`) VALUES
(56, 'news_tech', 3, '华为折叠屏手机要看韩国人脸色？好消息和坏消息', 'http://toutiao.com/group/6663253021524230670/', '“折叠屏”绝对是最近最火热的关键词：2月24日，华为推出了业内期盼已久的5G折叠屏手机HUAWEIMateX。', '“折叠屏”绝对是最近最火热的关键词：2月24日，华为推出了业内期盼已久的5G折叠屏手机HUAWEIMateX。', '四川正道文化', '[{\"height\":607,\"uri\":\"list/pgc-image/883d5db833d145dfaf5ec9f2e599d8b2\",\"url\":\"http://p1-tt.bytecdn.cn/list/300x196/pgc-image/883d5db833d145dfaf5ec9f2e599d8b2.webp\",\"url_list\":[{\"url\":\"http://p1-tt.bytecdn.cn/list/300x196/pgc-image/883d5db833d145dfaf5ec9f2e599d8b2.webp\"},{\"url\":\"http://p9-tt.bytecdn.cn/list/300x196/pgc-image/883d5db833d145dfaf5ec9f2e599d8b2.webp\"},{\"url\":\"http://p6-tt.bytecdn.cn/list/300x196/pgc-image/883d5db833d145dfaf5ec9f2e599d8b2.webp\"}],\"width\":1080},{\"height\":531,\"uri\":\"list/pgc-image/349b67b1548f459091bd430de67b8c9d\",\"url\":\"http://p9-tt.bytecdn.cn/list/300x196/pgc-image/349b67b1548f459091bd430de67b8c9d.webp\",\"url_list\":[{\"url\":\"http://p9-tt.bytecdn.cn/list/300x196/pgc-image/349b67b1548f459091bd430de67b8c9d.webp\"},{\"url\":\"http://p6-tt.bytecdn.cn/list/300x196/pgc-image/349b67b1548f459091bd430de67b8c9d.webp\"},{\"url\":\"http://p1-tt.bytecdn.cn/list/300x196/pgc-image/349b67b1548f459091bd430de67b8c9d.webp\"}],\"width\":945},{\"height\":607,\"uri\":\"list/pgc-image/72392aa3817548e7bafb64ce7c106f47\",\"url\":\"http://p1-tt.bytecdn.cn/list/300x196/pgc-image/72392aa3817548e7bafb64ce7c106f47.webp\",\"url_list\":[{\"url\":\"http://p1-tt.bytecdn.cn/list/300x196/pgc-image/72392aa3817548e7bafb64ce7c106f47.webp\"},{\"url\":\"http://p6-tt.bytecdn.cn/list/300x196/pgc-image/72392aa3817548e7bafb64ce7c106f47.webp\"},{\"url\":\"http://p6-tt.bytecdn.cn/list/300x196/pgc-image/72392aa3817548e7bafb64ce7c106f47.webp\"}],\"width\":1080}]', '2019-03-01 13:42:26', '2019-03-01 13:42:26'),
(57, 'news_tech', 3, '折叠屏机要看韩国人脸色？OLED关键材料设备靠进口', 'http://news.ikanchai.com/2019/0301/270339.shtml', '“折叠屏”绝对是最近最火热的关键词：2月24日，华为推出了业内期盼已久的5G折叠屏手机HUAWEIMateX。', '“折叠屏”绝对是最近最火热的关键词：2月24日，华为推出了业内期盼已久的5G折叠屏手机HUAWEIMateX。', '砍柴网', '', '2019-03-01 13:42:26', '2019-03-01 13:42:26'),
(58, 'news_tech', 3, '华为手机的高光时刻背后，是这家公司几十年血泪史', 'http://toutiao.com/group/6662947476615463427/', '没有他们几十年来在生死边缘上的默默死磕，也许就没有华为今天的高光时刻！世界移动通信大会即将在西班牙城市巴塞罗那召开，全球各家巨头都齐聚这个舞台“秀肌肉”。', '没有他们几十年来在生死边缘上的默默死磕，也许就没有华为今天的高光时刻！世界移动通信大会即将在西班牙城市巴塞罗那召开，全球各家巨头都齐聚这个舞台“秀肌肉”。', '南方略智库', '', '2019-03-01 13:42:26', '2019-03-01 13:42:26'),
(59, 'news_car', 4, '颜值即正义，吉利、哈弗和比亚迪爆红的背后离不开大设计师！', 'http://toutiao.com/group/6663235651460137483/', '前些年由于汽车工业起步较晚，那时的国产车不像现在这么风光，每次推出的新车或多或少都有模仿的嫌疑。这些设计师都是在奔驰、路虎或捷豹等知名汽车品牌挂职，设计功力自然不凡。', '前些年由于汽车工业起步较晚，那时的国产车不像现在这么风光，每次推出的新车或多或少都有模仿的嫌疑。这些设计师都是在奔驰、路虎或捷豹等知名汽车品牌挂职，设计功力自然不凡。', 'SUV密探', '[{\"height\":376,\"uri\":\"list/pgc-image/6a0c8418c6b0403fa682066ccef0a72d\",\"url\":\"http://p3-tt.bytecdn.cn/list/300x196/pgc-image/6a0c8418c6b0403fa682066ccef0a72d.webp\",\"url_list\":[{\"url\":\"http://p3-tt.bytecdn.cn/list/300x196/pgc-image/6a0c8418c6b0403fa682066ccef0a72d.webp\"},{\"url\":\"http://p6-tt.bytecdn.cn/list/300x196/pgc-image/6a0c8418c6b0403fa682066ccef0a72d.webp\"},{\"url\":\"http://p3-tt.bytecdn.cn/list/300x196/pgc-image/6a0c8418c6b0403fa682066ccef0a72d.webp\"}],\"width\":670},{\"height\":376,\"uri\":\"list/pgc-image/195863e1fdc745a783e309b093d4b839\",\"url\":\"http://p1-tt.bytecdn.cn/list/300x196/pgc-image/195863e1fdc745a783e309b093d4b839.webp\",\"url_list\":[{\"url\":\"http://p1-tt.bytecdn.cn/list/300x196/pgc-image/195863e1fdc745a783e309b093d4b839.webp\"},{\"url\":\"http://p9-tt.bytecdn.cn/list/300x196/pgc-image/195863e1fdc745a783e309b093d4b839.webp\"},{\"url\":\"http://p1-tt.bytecdn.cn/list/300x196/pgc-image/195863e1fdc745a783e309b093d4b839.webp\"}],\"width\":670},{\"height\":376,\"uri\":\"list/pgc-image/638d43d16f2443909abf5310e40b4294\",\"url\":\"http://p1-tt.bytecdn.cn/list/300x196/pgc-image/638d43d16f2443909abf5310e40b4294.webp\",\"url_list\":[{\"url\":\"http://p1-tt.bytecdn.cn/list/300x196/pgc-image/638d43d16f2443909abf5310e40b4294.webp\"},{\"url\":\"http://p6-tt.bytecdn.cn/list/300x196/pgc-image/638d43d16f2443909abf5310e40b4294.webp\"},{\"url\":\"http://p6-tt.bytecdn.cn/list/300x196/pgc-image/638d43d16f2443909abf5310e40b4294.webp\"}],\"width\":670}]', '2019-03-01 13:43:10', '2019-03-01 13:43:10'),
(60, 'news_car', 4, '长安CS85 COUPE 高颜高智，怎能不心动', 'http://toutiao.com/group/6662898062093976071/', 'TAI汽车智能系统海量内容加持旅途乐趣IACC集成式自适应巡航系统悠然行进间悦享沿途风景APA4.0代客泊车系统一步到位魅力加分自动紧急制动辅助系统AEB规避风险从容于心极智驾控。', 'TAI汽车智能系统海量内容加持旅途乐趣IACC集成式自适应巡航系统悠然行进间悦享沿途风景APA4.0代客泊车系统一步到位魅力加分自动紧急制动辅助系统AEB规避风险从容于心极智驾控。', '赶集小孩', '[{\"height\":309,\"uri\":\"list/dae400092c764636e9e0\",\"url\":\"http://p3-tt.bytecdn.cn/list/300x196/dae400092c764636e9e0.webp\",\"url_list\":[{\"url\":\"http://p3-tt.bytecdn.cn/list/300x196/dae400092c764636e9e0.webp\"},{\"url\":\"http://p1-tt.bytecdn.cn/list/300x196/dae400092c764636e9e0.webp\"},{\"url\":\"http://p9-tt.bytecdn.cn/list/300x196/dae400092c764636e9e0.webp\"}],\"width\":550},{\"height\":309,\"uri\":\"list/da8e0013a31ae647f3b0\",\"url\":\"http://p3-tt.bytecdn.cn/list/300x196/da8e0013a31ae647f3b0.webp\",\"url_list\":[{\"url\":\"http://p3-tt.bytecdn.cn/list/300x196/da8e0013a31ae647f3b0.webp\"},{\"url\":\"http://p6-tt.bytecdn.cn/list/300x196/da8e0013a31ae647f3b0.webp\"},{\"url\":\"http://p9-tt.bytecdn.cn/list/300x196/da8e0013a31ae647f3b0.webp\"}],\"width\":550},{\"height\":309,\"uri\":\"list/daca000dc78f084c209c\",\"url\":\"http://p3-tt.bytecdn.cn/list/300x196/daca000dc78f084c209c.webp\",\"url_list\":[{\"url\":\"http://p3-tt.bytecdn.cn/list/300x196/daca000dc78f084c209c.webp\"},{\"url\":\"http://p3-tt.bytecdn.cn/list/300x196/daca000dc78f084c209c.webp\"},{\"url\":\"http://p6-tt.bytecdn.cn/list/300x196/daca000dc78f084c209c.webp\"}],\"width\":550}]', '2019-03-01 13:43:10', '2019-03-01 13:43:10'),
(61, 'news_car', 4, '原来春季爱车保养是这样的！你看懂了吗', 'http://toutiao.com/group/6662934045816521229/', '红红火火恍恍惚惚已经工作半个月了不少朋友已经在期待下个假期了温馨提示从今天开始距离清明小长假还有38天您的爱车作为清明踏青必不可少的交通工具经过一个寒冬的考验是时候好好保养一下啦~车身保养。', '红红火火恍恍惚惚已经工作半个月了不少朋友已经在期待下个假期了温馨提示从今天开始距离清明小长假还有38天您的爱车作为清明踏青必不可少的交通工具经过一个寒冬的考验是时候好好保养一下啦~车身保养。', '加美润滑油', '', '2019-03-01 13:43:10', '2019-03-01 13:43:10'),
(62, 'news_car', 4, '科三听到“靠边停车”播报别高兴太早？教练：再说一次，别不注意', 'http://toutiao.com/group/6662962645139718664/', '现在我们国家对于“无证驾驶”的惩罚力度是越来越大了，所以大家都不敢随随便便的开车上路了，不然等待你的，可能就是半个月的监禁了，所以大家还是老老实实拿到驾照之后才上路吧。', '现在我们国家对于“无证驾驶”的惩罚力度是越来越大了，所以大家都不敢随随便便的开车上路了，不然等待你的，可能就是半个月的监禁了，所以大家还是老老实实拿到驾照之后才上路吧。', '山彤的小文欣屋', '', '2019-03-01 13:43:10', '2019-03-01 13:43:10'),
(63, 'news_car', 4, '新能源汽车是西方给中国设的一个骗局？专家看不下去：早就出现了', 'http://toutiao.com/group/6629943086560576007/', '电动汽车现在备受推崇，每个国家都在积极研发新能源车，这也是一种发展的主流趋势，即使很多车主不愿意接受，但是也无法改变。', '电动汽车现在备受推崇，每个国家都在积极研发新能源车，这也是一种发展的主流趋势，即使很多车主不愿意接受，但是也无法改变。', '懂车之后', '[{\"height\":298,\"uri\":\"list/pgc-image/bdd68bbd26c94693bcf0b38b7e9365bd\",\"url\":\"http://p3-tt.bytecdn.cn/list/300x196/pgc-image/bdd68bbd26c94693bcf0b38b7e9365bd.webp\",\"url_list\":[{\"url\":\"http://p3-tt.bytecdn.cn/list/300x196/pgc-image/bdd68bbd26c94693bcf0b38b7e9365bd.webp\"},{\"url\":\"http://p3-tt.bytecdn.cn/list/300x196/pgc-image/bdd68bbd26c94693bcf0b38b7e9365bd.webp\"},{\"url\":\"http://p1-tt.bytecdn.cn/list/300x196/pgc-image/bdd68bbd26c94693bcf0b38b7e9365bd.webp\"}],\"width\":531},{\"height\":277,\"uri\":\"list/pgc-image/b318984d822e4f3fb0b976d1e90dc6ab\",\"url\":\"http://p9-tt.bytecdn.cn/list/300x196/pgc-image/b318984d822e4f3fb0b976d1e90dc6ab.webp\",\"url_list\":[{\"url\":\"http://p9-tt.bytecdn.cn/list/300x196/pgc-image/b318984d822e4f3fb0b976d1e90dc6ab.webp\"},{\"url\":\"http://p1-tt.bytecdn.cn/list/300x196/pgc-image/b318984d822e4f3fb0b976d1e90dc6ab.webp\"},{\"url\":\"http://p6-tt.bytecdn.cn/list/300x196/pgc-image/b318984d822e4f3fb0b976d1e90dc6ab.webp\"}],\"width\":493},{\"height\":321,\"uri\":\"list/pgc-image/87592ce68e0b45ed9a585447c72118f9\",\"url\":\"http://p3-tt.bytecdn.cn/list/300x196/pgc-image/87592ce68e0b45ed9a585447c72118f9.webp\",\"url_list\":[{\"url\":\"http://p3-tt.bytecdn.cn/list/300x196/pgc-image/87592ce68e0b45ed9a585447c72118f9.webp\"},{\"url\":\"http://p9-tt.bytecdn.cn/list/300x196/pgc-image/87592ce68e0b45ed9a585447c72118f9.webp\"},{\"url\":\"http://p6-tt.bytecdn.cn/list/300x196/pgc-image/87592ce68e0b45ed9a585447c72118f9.webp\"}],\"width\":572}]', '2019-03-01 13:43:10', '2019-03-01 13:43:10'),
(64, 'news_car', 4, '新手秘笈：这些盲区要观察仔细', 'http://toutiao.com/group/6663255632801432072/', '新手秘笈：这些盲区要观察仔细', '新手秘笈：这些盲区要观察仔细', '青岛李沧交警', '', '2019-03-01 13:43:10', '2019-03-01 13:43:10'),
(65, 'news_car', 4, '美系车全线哑火，2019年度十大最佳车型花落谁家', 'http://www.lanjinger.com/news/detail?id=105755', '所有车型评选基于北美市场，是经过安全性、碰撞表现、消费者满意度以及CR测试得出的最终结论。动力部分搭载四缸涡轮增压发动机，日常通勤中动力充沛，与大多数斯巴鲁车型一样，配备了四轮驱动，操控方面，Ascent在颠簸路面的驾驶性能甚至胜过一些豪华车。', '所有车型评选基于北美市场，是经过安全性、碰撞表现、消费者满意度以及CR测试得出的最终结论。动力部分搭载四缸涡轮增压发动机，日常通勤中动力充沛，与大多数斯巴鲁车型一样，配备了四轮驱动，操控方面，Ascent在颠簸路面的驾驶性能甚至胜过一些豪华车。', '蓝鲸财经', '[{\"height\":576,\"uri\":\"list/pgc-image/RJLkj7pHcVg0l1\",\"url\":\"http://p3-tt.bytecdn.cn/list/300x196/pgc-image/RJLkj7pHcVg0l1.webp\",\"url_list\":[{\"url\":\"http://p3-tt.bytecdn.cn/list/300x196/pgc-image/RJLkj7pHcVg0l1.webp\"},{\"url\":\"http://p9-tt.bytecdn.cn/list/300x196/pgc-image/RJLkj7pHcVg0l1.webp\"},{\"url\":\"http://p1-tt.bytecdn.cn/list/300x196/pgc-image/RJLkj7pHcVg0l1.webp\"}],\"width\":1024},{\"height\":376,\"uri\":\"list/pgc-image/RJLWcrY2eDHCkv\",\"url\":\"http://p9-tt.bytecdn.cn/list/300x196/pgc-image/RJLWcrY2eDHCkv.webp\",\"url_list\":[{\"url\":\"http://p9-tt.bytecdn.cn/list/300x196/pgc-image/RJLWcrY2eDHCkv.webp\"},{\"url\":\"http://p3-tt.bytecdn.cn/list/300x196/pgc-image/RJLWcrY2eDHCkv.webp\"},{\"url\":\"http://p9-tt.bytecdn.cn/list/300x196/pgc-image/RJLWcrY2eDHCkv.webp\"}],\"width\":670},{\"height\":376,\"uri\":\"list/pgc-image/RJLWcrw8N2JKC6\",\"url\":\"http://p1-tt.bytecdn.cn/list/300x196/pgc-image/RJLWcrw8N2JKC6.webp\",\"url_list\":[{\"url\":\"http://p1-tt.bytecdn.cn/list/300x196/pgc-image/RJLWcrw8N2JKC6.webp\"},{\"url\":\"http://p3-tt.bytecdn.cn/list/300x196/pgc-image/RJLWcrw8N2JKC6.webp\"},{\"url\":\"http://p3-tt.bytecdn.cn/list/300x196/pgc-image/RJLWcrw8N2JKC6.webp\"}],\"width\":670}]', '2019-03-01 13:43:10', '2019-03-01 13:43:10'),
(66, 'news_car', 4, '什么车这么高，妹子蹬了半天才上去', 'http://toutiao.com/group/6634283904566034951/', '视频转自网络，侵权私信联系删除。', '视频转自网络，侵权私信联系删除。', '易车', '', '2019-03-01 13:43:10', '2019-03-01 13:43:10'),
(67, 'news_car', 4, '科目二 | 坡道定点停车与起步操作步骤（2019）', 'http://toutiao.com/group/6663223359934824963/', '科目二中的坡道定点停车与起步其实还算是比较简单的但是却有很多学员在这里挂科不管你是因为紧张还是因为准备不充分因为操作不熟练还是技巧没掌握下面这些关于坡道定点停车与起步的具体操作步骤请你牢记于心操作步骤坡道定点停车与起步1低速驶入考区，双脚备刹车、备离合器。', '科目二中的坡道定点停车与起步其实还算是比较简单的但是却有很多学员在这里挂科不管你是因为紧张还是因为准备不充分因为操作不熟练还是技巧没掌握下面这些关于坡道定点停车与起步的具体操作步骤请你牢记于心操作步骤坡道定点停车与起步1低速驶入考区，双脚备刹车、备离合器。', '海淀驾校', '[{\"height\":101,\"uri\":\"list/pgc-image/5a99aaed1fa04d0fa0e395edbb6412e8\",\"url\":\"http://p1-tt.bytecdn.cn/list/300x196/pgc-image/5a99aaed1fa04d0fa0e395edbb6412e8.webp\",\"url_list\":[{\"url\":\"http://p1-tt.bytecdn.cn/list/300x196/pgc-image/5a99aaed1fa04d0fa0e395edbb6412e8.webp\"},{\"url\":\"http://p9-tt.bytecdn.cn/list/300x196/pgc-image/5a99aaed1fa04d0fa0e395edbb6412e8.webp\"},{\"url\":\"http://p3-tt.bytecdn.cn/list/300x196/pgc-image/5a99aaed1fa04d0fa0e395edbb6412e8.webp\"}],\"width\":181},{\"height\":336,\"uri\":\"list/pgc-image/ff0e8c5efd494aea85f54561e2f6076f\",\"url\":\"http://p6-tt.bytecdn.cn/list/300x196/pgc-image/ff0e8c5efd494aea85f54561e2f6076f.webp\",\"url_list\":[{\"url\":\"http://p6-tt.bytecdn.cn/list/300x196/pgc-image/ff0e8c5efd494aea85f54561e2f6076f.webp\"},{\"url\":\"http://p6-tt.bytecdn.cn/list/300x196/pgc-image/ff0e8c5efd494aea85f54561e2f6076f.webp\"},{\"url\":\"http://p9-tt.bytecdn.cn/list/300x196/pgc-image/ff0e8c5efd494aea85f54561e2f6076f.webp\"}],\"width\":640},{\"height\":336,\"uri\":\"list/pgc-image/f763f5f4601a410aaa2ec9facc09d923\",\"url\":\"http://p9-tt.bytecdn.cn/list/300x196/pgc-image/f763f5f4601a410aaa2ec9facc09d923.webp\",\"url_list\":[{\"url\":\"http://p9-tt.bytecdn.cn/list/300x196/pgc-image/f763f5f4601a410aaa2ec9facc09d923.webp\"},{\"url\":\"http://p6-tt.bytecdn.cn/list/300x196/pgc-image/f763f5f4601a410aaa2ec9facc09d923.webp\"},{\"url\":\"http://p1-tt.bytecdn.cn/list/300x196/pgc-image/f763f5f4601a410aaa2ec9facc09d923.webp\"}],\"width\":640}]', '2019-03-01 13:43:10', '2019-03-01 13:43:10'),
(68, 'news_car', 4, '自动挡停车先挂P挡还是先熄火？老司机：想车子报废就继续这样停', 'http://toutiao.com/group/6636266225024369159/', '这是由于自动挡相对于手动挡来说简单易操作，开起来更省力。老司机说：很多司机朋友们在停车时，大都喜欢先挂P档然后拉手刹熄火。', '这是由于自动挡相对于手动挡来说简单易操作，开起来更省力。老司机说：很多司机朋友们在停车时，大都喜欢先挂P档然后拉手刹熄火。', '经纬', '[{\"height\":360,\"uri\":\"list/pgc-image/225bb8785b3b47f6bd09bd41cdff5e82\",\"url\":\"http://p9-tt.bytecdn.cn/list/300x196/pgc-image/225bb8785b3b47f6bd09bd41cdff5e82.webp\",\"url_list\":[{\"url\":\"http://p9-tt.bytecdn.cn/list/300x196/pgc-image/225bb8785b3b47f6bd09bd41cdff5e82.webp\"},{\"url\":\"http://p6-tt.bytecdn.cn/list/300x196/pgc-image/225bb8785b3b47f6bd09bd41cdff5e82.webp\"},{\"url\":\"http://p1-tt.bytecdn.cn/list/300x196/pgc-image/225bb8785b3b47f6bd09bd41cdff5e82.webp\"}],\"width\":640},{\"height\":359,\"uri\":\"list/pgc-image/61ca8df4566c4efd8909c58e6e7428a5\",\"url\":\"http://p9-tt.bytecdn.cn/list/300x196/pgc-image/61ca8df4566c4efd8909c58e6e7428a5.webp\",\"url_list\":[{\"url\":\"http://p9-tt.bytecdn.cn/list/300x196/pgc-image/61ca8df4566c4efd8909c58e6e7428a5.webp\"},{\"url\":\"http://p1-tt.bytecdn.cn/list/300x196/pgc-image/61ca8df4566c4efd8909c58e6e7428a5.webp\"},{\"url\":\"http://p9-tt.bytecdn.cn/list/300x196/pgc-image/61ca8df4566c4efd8909c58e6e7428a5.webp\"}],\"width\":639},{\"height\":360,\"uri\":\"list/pgc-image/7889b6c53def4a75bec8e106993d16b1\",\"url\":\"http://p6-tt.bytecdn.cn/list/300x196/pgc-image/7889b6c53def4a75bec8e106993d16b1.webp\",\"url_list\":[{\"url\":\"http://p6-tt.bytecdn.cn/list/300x196/pgc-image/7889b6c53def4a75bec8e106993d16b1.webp\"},{\"url\":\"http://p6-tt.bytecdn.cn/list/300x196/pgc-image/7889b6c53def4a75bec8e106993d16b1.webp\"},{\"url\":\"http://p3-tt.bytecdn.cn/list/300x196/pgc-image/7889b6c53def4a75bec8e106993d16b1.webp\"}],\"width\":640}]', '2019-03-01 13:43:10', '2019-03-01 13:43:10'),
(69, 'news_car', 4, '去国外才发现：车里没人垫脚垫，瞧他们这么弄，干净整洁太有档次', 'http://toutiao.com/group/6646895604389642766/', '随着经济的发展很多人都拥有了属于自己的小汽车，智慧车主都会给爱车添置一些实用高档的车品。很耐脏，有灰脚印看不出来，又很好打扫，倒过来一拍灰就全出来了。', '随着经济的发展很多人都拥有了属于自己的小汽车，智慧车主都会给爱车添置一些实用高档的车品。很耐脏，有灰脚印看不出来，又很好打扫，倒过来一拍灰就全出来了。', '美美的碎花裙', '[{\"height\":450,\"uri\":\"list/pgc-image/e94947c51fe548f9b954c032e06c51b7\",\"url\":\"http://p9-tt.bytecdn.cn/list/300x196/pgc-image/e94947c51fe548f9b954c032e06c51b7.webp\",\"url_list\":[{\"url\":\"http://p9-tt.bytecdn.cn/list/300x196/pgc-image/e94947c51fe548f9b954c032e06c51b7.webp\"},{\"url\":\"http://p1-tt.bytecdn.cn/list/300x196/pgc-image/e94947c51fe548f9b954c032e06c51b7.webp\"},{\"url\":\"http://p1-tt.bytecdn.cn/list/300x196/pgc-image/e94947c51fe548f9b954c032e06c51b7.webp\"}],\"width\":800},{\"height\":337,\"uri\":\"list/pgc-image/d68b016348934574b0c652202a2e39c6\",\"url\":\"http://p6-tt.bytecdn.cn/list/300x196/pgc-image/d68b016348934574b0c652202a2e39c6.webp\",\"url_list\":[{\"url\":\"http://p6-tt.bytecdn.cn/list/300x196/pgc-image/d68b016348934574b0c652202a2e39c6.webp\"},{\"url\":\"http://p9-tt.bytecdn.cn/list/300x196/pgc-image/d68b016348934574b0c652202a2e39c6.webp\"},{\"url\":\"http://p1-tt.bytecdn.cn/list/300x196/pgc-image/d68b016348934574b0c652202a2e39c6.webp\"}],\"width\":600},{\"height\":421,\"uri\":\"list/pgc-image/2b9d9630179c4868bb8148b394e112c9\",\"url\":\"http://p9-tt.bytecdn.cn/list/300x196/pgc-image/2b9d9630179c4868bb8148b394e112c9.webp\",\"url_list\":[{\"url\":\"http://p9-tt.bytecdn.cn/list/300x196/pgc-image/2b9d9630179c4868bb8148b394e112c9.webp\"},{\"url\":\"http://p3-tt.bytecdn.cn/list/300x196/pgc-image/2b9d9630179c4868bb8148b394e112c9.webp\"},{\"url\":\"http://p9-tt.bytecdn.cn/list/300x196/pgc-image/2b9d9630179c4868bb8148b394e112c9.webp\"}],\"width\":750}]', '2019-03-01 13:43:10', '2019-03-01 13:43:10'),
(70, 'news_car', 4, '中考“道德与法治”科目将由开卷改为闭卷', 'http://toutiao.com/group/6663037880094425612/', '把德育放在更重要位置，中考“道德与法治”科目将由开卷改为闭卷x', '把德育放在更重要位置，中考“道德与法治”科目将由开卷改为闭卷x', '蓝睛', '', '2019-03-01 13:43:10', '2019-03-01 13:43:10'),
(71, 'news_car', 4, '全包21.5万，月供4000左右！你会选雅阁、凯美瑞还是天籁？', 'http://toutiao.com/group/6662960754070651404/', '相对于紧凑型车来说，中型车的外观更加大气、协调，内部空间也更加宽敞，操控起来更加平稳，但自然而然油耗也更高，毕竟车身更重。', '相对于紧凑型车来说，中型车的外观更加大气、协调，内部空间也更加宽敞，操控起来更加平稳，但自然而然油耗也更高，毕竟车身更重。', '乐客汽车', '[{\"height\":450,\"uri\":\"list/pgc-image/e9fca042488a4f9abc120c87e2f2ceef\",\"url\":\"http://p6-tt.bytecdn.cn/list/300x196/pgc-image/e9fca042488a4f9abc120c87e2f2ceef.webp\",\"url_list\":[{\"url\":\"http://p6-tt.bytecdn.cn/list/300x196/pgc-image/e9fca042488a4f9abc120c87e2f2ceef.webp\"},{\"url\":\"http://p9-tt.bytecdn.cn/list/300x196/pgc-image/e9fca042488a4f9abc120c87e2f2ceef.webp\"},{\"url\":\"http://p3-tt.bytecdn.cn/list/300x196/pgc-image/e9fca042488a4f9abc120c87e2f2ceef.webp\"}],\"width\":800},{\"height\":450,\"uri\":\"list/pgc-image/6cad1d6a26e944098225f96a1ec49d32\",\"url\":\"http://p6-tt.bytecdn.cn/list/300x196/pgc-image/6cad1d6a26e944098225f96a1ec49d32.webp\",\"url_list\":[{\"url\":\"http://p6-tt.bytecdn.cn/list/300x196/pgc-image/6cad1d6a26e944098225f96a1ec49d32.webp\"},{\"url\":\"http://p6-tt.bytecdn.cn/list/300x196/pgc-image/6cad1d6a26e944098225f96a1ec49d32.webp\"},{\"url\":\"http://p1-tt.bytecdn.cn/list/300x196/pgc-image/6cad1d6a26e944098225f96a1ec49d32.webp\"}],\"width\":800},{\"height\":450,\"uri\":\"list/pgc-image/a3f7b8fbc4ea4ac7bea5c08c365960bd\",\"url\":\"http://p3-tt.bytecdn.cn/list/300x196/pgc-image/a3f7b8fbc4ea4ac7bea5c08c365960bd.webp\",\"url_list\":[{\"url\":\"http://p3-tt.bytecdn.cn/list/300x196/pgc-image/a3f7b8fbc4ea4ac7bea5c08c365960bd.webp\"},{\"url\":\"http://p6-tt.bytecdn.cn/list/300x196/pgc-image/a3f7b8fbc4ea4ac7bea5c08c365960bd.webp\"},{\"url\":\"http://p1-tt.bytecdn.cn/list/300x196/pgc-image/a3f7b8fbc4ea4ac7bea5c08c365960bd.webp\"}],\"width\":800}]', '2019-03-01 13:43:10', '2019-03-01 13:43:10'),
(72, 'news_car', 4, '温馨提醒：驾驶证“加分政策”已经出台，这样做可加6分，望周知', 'http://toutiao.com/group/6662969936018670093/', '导语：温馨提醒：驾驶证“加分政策”已经出台，这样做可加6分，望周知随着时间的不断发展。有了驾照之后，我们就能够开车上路，但是驾照也是制约我们开车的一个东西，只要是在道路上违规了，交警就会扣分，等到12分都被扣掉的时候，你可能就需要重新考取驾照了。', '导语：温馨提醒：驾驶证“加分政策”已经出台，这样做可加6分，望周知随着时间的不断发展。有了驾照之后，我们就能够开车上路，但是驾照也是制约我们开车的一个东西，只要是在道路上违规了，交警就会扣分，等到12分都被扣掉的时候，你可能就需要重新考取驾照了。', '山彤的小文欣屋', '', '2019-03-01 13:43:10', '2019-03-01 13:43:10'),
(73, 'news_car', 4, '车位那么“贵”，为什么一定要买车位？', 'http://toutiao.com/group/6662953765940756995/', '今天咱们就整体分析一下，为什么车位这么贵，人们还这么抢。示意图中国产业信息网发布的《2015-2020年中国汽车整车制造市场评估及投资前景预测报告》显示2017年，我国汽车保有量已经突破了1.63亿辆，保有量已经仅次于美国，成为全球第二。', '今天咱们就整体分析一下，为什么车位这么贵，人们还这么抢。示意图中国产业信息网发布的《2015-2020年中国汽车整车制造市场评估及投资前景预测报告》显示2017年，我国汽车保有量已经突破了1.63亿辆，保有量已经仅次于美国，成为全球第二。', '唐山浭阳新城', '[{\"height\":383,\"uri\":\"list/pgc-image/dfc87522df4b4bfb9a3b9dbb81a7d1bc\",\"url\":\"http://p3-tt.bytecdn.cn/list/300x196/pgc-image/dfc87522df4b4bfb9a3b9dbb81a7d1bc.webp\",\"url_list\":[{\"url\":\"http://p3-tt.bytecdn.cn/list/300x196/pgc-image/dfc87522df4b4bfb9a3b9dbb81a7d1bc.webp\"},{\"url\":\"http://p1-tt.bytecdn.cn/list/300x196/pgc-image/dfc87522df4b4bfb9a3b9dbb81a7d1bc.webp\"},{\"url\":\"http://p1-tt.bytecdn.cn/list/300x196/pgc-image/dfc87522df4b4bfb9a3b9dbb81a7d1bc.webp\"}],\"width\":900},{\"height\":360,\"uri\":\"list/pgc-image/2e9ee6664b7a4f00a8e052eb6621ffe5\",\"url\":\"http://p9-tt.bytecdn.cn/list/300x196/pgc-image/2e9ee6664b7a4f00a8e052eb6621ffe5.webp\",\"url_list\":[{\"url\":\"http://p9-tt.bytecdn.cn/list/300x196/pgc-image/2e9ee6664b7a4f00a8e052eb6621ffe5.webp\"},{\"url\":\"http://p6-tt.bytecdn.cn/list/300x196/pgc-image/2e9ee6664b7a4f00a8e052eb6621ffe5.webp\"},{\"url\":\"http://p1-tt.bytecdn.cn/list/300x196/pgc-image/2e9ee6664b7a4f00a8e052eb6621ffe5.webp\"}],\"width\":640},{\"height\":607,\"uri\":\"list/pgc-image/9e0ccd1feb2d4392ac3cb1da12b5e703\",\"url\":\"http://p1-tt.bytecdn.cn/list/300x196/pgc-image/9e0ccd1feb2d4392ac3cb1da12b5e703.webp\",\"url_list\":[{\"url\":\"http://p1-tt.bytecdn.cn/list/300x196/pgc-image/9e0ccd1feb2d4392ac3cb1da12b5e703.webp\"},{\"url\":\"http://p3-tt.bytecdn.cn/list/300x196/pgc-image/9e0ccd1feb2d4392ac3cb1da12b5e703.webp\"},{\"url\":\"http://p1-tt.bytecdn.cn/list/300x196/pgc-image/9e0ccd1feb2d4392ac3cb1da12b5e703.webp\"}],\"width\":1080}]', '2019-03-01 13:43:10', '2019-03-01 13:43:10'),
(74, 'news_car', 4, '驾驶证实习期结束需要换证么？', 'http://mp.weixin.qq.com/s?src=11&timestamp=1551371393&ver=1456&signature=jUcQKztLQaLy2pwcxJz51pLbzhya*oT3YBHMHwBveLiCVmE7TaHqw-KVSksdWxoBnlNcE7jxQc-RjysZSGHaQBv0vc6ayBZ9yC6zvDCWk8v0brYVUtkT3bLa78l0k4BD&new=1', '从领到驾驶证起满6年，期间如果驾驶证记分均未达到12分的，可以换发有效期10年的驾驶证。如果在这10年内同样未被记满12分，则换发长期有效的驾驶证。', '从领到驾驶证起满6年，期间如果驾驶证记分均未达到12分的，可以换发有效期10年的驾驶证。如果在这10年内同样未被记满12分，则换发长期有效的驾驶证。', '博州交警', '', '2019-03-01 13:43:10', '2019-03-01 13:43:10'),
(75, 'news_car', 4, '符合这3个条件，C1就可以升为B1，快看看你满足没有', 'http://toutiao.com/group/6646567876067066372/', 'C1等级应该是最简单最好考的，但是现在有不少人想将自己的C1驾驶证升级成为B1驾驶证，C1驾驶证如何才能升级B1呢。', 'C1等级应该是最简单最好考的，但是现在有不少人想将自己的C1驾驶证升级成为B1驾驶证，C1驾驶证如何才能升级B1呢。', 'Tunnel官方视频', '[{\"height\":337,\"uri\":\"list/pgc-image/3a9240cd67304346aa6e7e4f3f0d92bf\",\"url\":\"http://p6-tt.bytecdn.cn/list/300x196/pgc-image/3a9240cd67304346aa6e7e4f3f0d92bf.webp\",\"url_list\":[{\"url\":\"http://p6-tt.bytecdn.cn/list/300x196/pgc-image/3a9240cd67304346aa6e7e4f3f0d92bf.webp\"},{\"url\":\"http://p9-tt.bytecdn.cn/list/300x196/pgc-image/3a9240cd67304346aa6e7e4f3f0d92bf.webp\"},{\"url\":\"http://p9-tt.bytecdn.cn/list/300x196/pgc-image/3a9240cd67304346aa6e7e4f3f0d92bf.webp\"}],\"width\":600},{\"height\":776,\"uri\":\"list/pgc-image/0a6377242a844f4d807f01da8acfc82c\",\"url\":\"http://p3-tt.bytecdn.cn/list/300x196/pgc-image/0a6377242a844f4d807f01da8acfc82c.webp\",\"url_list\":[{\"url\":\"http://p3-tt.bytecdn.cn/list/300x196/pgc-image/0a6377242a844f4d807f01da8acfc82c.webp\"},{\"url\":\"http://p6-tt.bytecdn.cn/list/300x196/pgc-image/0a6377242a844f4d807f01da8acfc82c.webp\"},{\"url\":\"http://p1-tt.bytecdn.cn/list/300x196/pgc-image/0a6377242a844f4d807f01da8acfc82c.webp\"}],\"width\":1381},{\"height\":327,\"uri\":\"list/pgc-image/8d19fd458bd44398891ddee33bf1f338\",\"url\":\"http://p1-tt.bytecdn.cn/list/300x196/pgc-image/8d19fd458bd44398891ddee33bf1f338.webp\",\"url_list\":[{\"url\":\"http://p1-tt.bytecdn.cn/list/300x196/pgc-image/8d19fd458bd44398891ddee33bf1f338.webp\"},{\"url\":\"http://p3-tt.bytecdn.cn/list/300x196/pgc-image/8d19fd458bd44398891ddee33bf1f338.webp\"},{\"url\":\"http://p1-tt.bytecdn.cn/list/300x196/pgc-image/8d19fd458bd44398891ddee33bf1f338.webp\"}],\"width\":582}]', '2019-03-01 13:43:10', '2019-03-01 13:43:10'),
(76, 'news_car', 4, '私家车的最长寿命有多长？只要这三者没大毛病，甚至可以使用15年', 'http://toutiao.com/group/6642834780515729933/', '最久可以开到这个数，大多数车主不清楚。还有人是根据汽车跑的总里程来看的，不少人认为，一辆汽车的最高行驶里程为60万公里，因为达到了60万公里，就要送去报废，可是，一辆汽车的在保养得当的情况下，汽车的行驶里程比规定报废里程要多。', '最久可以开到这个数，大多数车主不清楚。还有人是根据汽车跑的总里程来看的，不少人认为，一辆汽车的最高行驶里程为60万公里，因为达到了60万公里，就要送去报废，可是，一辆汽车的在保养得当的情况下，汽车的行驶里程比规定报废里程要多。', 'Monster官方视频', '[{\"height\":360,\"uri\":\"list/pgc-image/522c5586807443979131e4f104a85fb1\",\"url\":\"http://p1-tt.bytecdn.cn/list/300x196/pgc-image/522c5586807443979131e4f104a85fb1.webp\",\"url_list\":[{\"url\":\"http://p1-tt.bytecdn.cn/list/300x196/pgc-image/522c5586807443979131e4f104a85fb1.webp\"},{\"url\":\"http://p9-tt.bytecdn.cn/list/300x196/pgc-image/522c5586807443979131e4f104a85fb1.webp\"},{\"url\":\"http://p9-tt.bytecdn.cn/list/300x196/pgc-image/522c5586807443979131e4f104a85fb1.webp\"}],\"width\":640},{\"height\":393,\"uri\":\"list/pgc-image/55c9242410c94f3bae40e8b8a9031aab\",\"url\":\"http://p6-tt.bytecdn.cn/list/300x196/pgc-image/55c9242410c94f3bae40e8b8a9031aab.webp\",\"url_list\":[{\"url\":\"http://p6-tt.bytecdn.cn/list/300x196/pgc-image/55c9242410c94f3bae40e8b8a9031aab.webp\"},{\"url\":\"http://p1-tt.bytecdn.cn/list/300x196/pgc-image/55c9242410c94f3bae40e8b8a9031aab.webp\"},{\"url\":\"http://p3-tt.bytecdn.cn/list/300x196/pgc-image/55c9242410c94f3bae40e8b8a9031aab.webp\"}],\"width\":700},{\"height\":576,\"uri\":\"list/pgc-image/e1eeb0e26344406bad042587be9cfdb4\",\"url\":\"http://p6-tt.bytecdn.cn/list/300x196/pgc-image/e1eeb0e26344406bad042587be9cfdb4.webp\",\"url_list\":[{\"url\":\"http://p6-tt.bytecdn.cn/list/300x196/pgc-image/e1eeb0e26344406bad042587be9cfdb4.webp\"},{\"url\":\"http://p3-tt.bytecdn.cn/list/300x196/pgc-image/e1eeb0e26344406bad042587be9cfdb4.webp\"},{\"url\":\"http://p9-tt.bytecdn.cn/list/300x196/pgc-image/e1eeb0e26344406bad042587be9cfdb4.webp\"}],\"width\":1024}]', '2019-03-01 13:43:10', '2019-03-01 13:43:10'),
(77, 'news_car', 4, '减速时先踩刹车还是先踩离合？很多新手都没搞懂', 'http://toutiao.com/group/6663225509641454084/', '不过，实际上路的时候，由于路况远比考车时候要复杂多，车速快时踩下离合是加速，反而把所有制动力扔給刹车负担很重，所以先刹车，不踩离合，等转速过低或是想换挡时再踩离合。', '不过，实际上路的时候，由于路况远比考车时候要复杂多，车速快时踩下离合是加速，反而把所有制动力扔給刹车负担很重，所以先刹车，不踩离合，等转速过低或是想换挡时再踩离合。', '沙州高速交警', '[{\"height\":337,\"uri\":\"list/pgc-image/4bbdadec39314cd791e59ff9c0c4a918\",\"url\":\"http://p6-tt.bytecdn.cn/list/300x196/pgc-image/4bbdadec39314cd791e59ff9c0c4a918.webp\",\"url_list\":[{\"url\":\"http://p6-tt.bytecdn.cn/list/300x196/pgc-image/4bbdadec39314cd791e59ff9c0c4a918.webp\"},{\"url\":\"http://p3-tt.bytecdn.cn/list/300x196/pgc-image/4bbdadec39314cd791e59ff9c0c4a918.webp\"},{\"url\":\"http://p9-tt.bytecdn.cn/list/300x196/pgc-image/4bbdadec39314cd791e59ff9c0c4a918.webp\"}],\"width\":600},{\"height\":314,\"uri\":\"list/pgc-image/bddbc3e5cc784eda84f7e015c84fb19b\",\"url\":\"http://p1-tt.bytecdn.cn/list/300x196/pgc-image/bddbc3e5cc784eda84f7e015c84fb19b.webp\",\"url_list\":[{\"url\":\"http://p1-tt.bytecdn.cn/list/300x196/pgc-image/bddbc3e5cc784eda84f7e015c84fb19b.webp\"},{\"url\":\"http://p9-tt.bytecdn.cn/list/300x196/pgc-image/bddbc3e5cc784eda84f7e015c84fb19b.webp\"},{\"url\":\"http://p1-tt.bytecdn.cn/list/300x196/pgc-image/bddbc3e5cc784eda84f7e015c84fb19b.webp\"}],\"width\":559},{\"height\":225,\"uri\":\"list/pgc-image/a64ae000b51a4de598bcf100460a4ff2\",\"url\":\"http://p9-tt.bytecdn.cn/list/300x196/pgc-image/a64ae000b51a4de598bcf100460a4ff2.webp\",\"url_list\":[{\"url\":\"http://p9-tt.bytecdn.cn/list/300x196/pgc-image/a64ae000b51a4de598bcf100460a4ff2.webp\"},{\"url\":\"http://p9-tt.bytecdn.cn/list/300x196/pgc-image/a64ae000b51a4de598bcf100460a4ff2.webp\"},{\"url\":\"http://p9-tt.bytecdn.cn/list/300x196/pgc-image/a64ae000b51a4de598bcf100460a4ff2.webp\"}],\"width\":401}]', '2019-03-01 13:43:10', '2019-03-01 13:43:10'),
(78, 'news_sports', 5, '盘点世界杯十大“谜团”，您认为哪一个最不可思议？', 'http://toutiao.com/group/6632514117259231752/', '回顾世界杯十大“谜团”，您认为哪一个最不可思议？', '回顾世界杯十大“谜团”，您认为哪一个最不可思议？', 'BTV体育频道', '', '2019-03-01 13:43:36', '2019-03-01 13:43:36'),
(79, 'news_sports', 5, '日本“浪人”作死挑衅！不到一分钟被KO台下美女都看呆了！', 'http://toutiao.com/group/6635219700307460611/', '日本“浪人”作死挑衅！不到一分钟被KO台下美女都看呆了！', '日本“浪人”作死挑衅！不到一分钟被KO台下美女都看呆了！', '格斗世界', '', '2019-03-01 13:43:36', '2019-03-01 13:43:36'),
(80, 'news_sports', 5, '主持人和选手一说到开车就停不下来，赛前紧张闹出尴尬', 'http://toutiao.com/group/6662957971183501837/', '从事卡丁车行业的帅小伙，在赛道上大展蛤蟆功，惹得观众大笑', '从事卡丁车行业的帅小伙，在赛道上大展蛤蟆功，惹得观众大笑', '芒果达人show', '', '2019-03-01 13:43:36', '2019-03-01 13:43:36'),
(81, 'news_sports', 5, '大饱眼福！啦啦队舞蹈集锦，这身材太火辣！', 'https://api.youku.com/videos/player/file?data=WE5EQXdORFk1TmpNME5BPT18MnwxfDEwMDgxNDd8MAO0O0OO0O0O', 'TOP CBA 他就是大牌、他就是最佳，让你过足眼瘾 XNDAwMjE5MDA2NA==', 'TOP CBA 他就是大牌、他就是最佳，让你过足眼瘾 XNDAwMjE5MDA2NA==', '火力赛点', '', '2019-03-01 13:43:36', '2019-03-01 13:43:36'),
(82, 'news_sports', 5, '搬砖小哥在工地健身爆红，逆天的健身方法，连健身教练也望尘莫及', 'http://toutiao.com/group/6663265720157078024/', '小伙在建筑工地玩健身，用钢管就能练二头肌，身材不输健身教练', '小伙在建筑工地玩健身，用钢管就能练二头肌，身材不输健身教练', '娱乐全播报', '', '2019-03-01 13:43:36', '2019-03-01 13:43:36'),
(83, 'news_sports', 5, '英国23岁足球教练遭女友6年变态虐待，被救时仅剩一口气', 'https://h5.china.com.cn/wm/doc_1_1_5670468.html', '话说，伴侣之间的家庭暴力行为，其实远比我们想象中的更加严重。受虐待，被泼沸水、遭刀子砍、被罚睡地板…', '话说，伴侣之间的家庭暴力行为，其实远比我们想象中的更加严重。受虐待，被泼沸水、遭刀子砍、被罚睡地板…', '中国网', '[{\"height\":337,\"uri\":\"list/pgc-image/RJ4CTqe2uAhL5A\",\"url\":\"http://p1-tt.bytecdn.cn/list/300x196/pgc-image/RJ4CTqe2uAhL5A.webp\",\"url_list\":[{\"url\":\"http://p1-tt.bytecdn.cn/list/300x196/pgc-image/RJ4CTqe2uAhL5A.webp\"},{\"url\":\"http://p3-tt.bytecdn.cn/list/300x196/pgc-image/RJ4CTqe2uAhL5A.webp\"},{\"url\":\"http://p6-tt.bytecdn.cn/list/300x196/pgc-image/RJ4CTqe2uAhL5A.webp\"}],\"width\":600},{\"height\":337,\"uri\":\"list/pgc-image/RJ4CTqsChfnXON\",\"url\":\"http://p3-tt.bytecdn.cn/list/300x196/pgc-image/RJ4CTqsChfnXON.webp\",\"url_list\":[{\"url\":\"http://p3-tt.bytecdn.cn/list/300x196/pgc-image/RJ4CTqsChfnXON.webp\"},{\"url\":\"http://p1-tt.bytecdn.cn/list/300x196/pgc-image/RJ4CTqsChfnXON.webp\"},{\"url\":\"http://p9-tt.bytecdn.cn/list/300x196/pgc-image/RJ4CTqsChfnXON.webp\"}],\"width\":600},{\"height\":337,\"uri\":\"list/pgc-image/RJ4CTr7ETrqjLB\",\"url\":\"http://p9-tt.bytecdn.cn/list/300x196/pgc-image/RJ4CTr7ETrqjLB.webp\",\"url_list\":[{\"url\":\"http://p9-tt.bytecdn.cn/list/300x196/pgc-image/RJ4CTr7ETrqjLB.webp\"},{\"url\":\"http://p3-tt.bytecdn.cn/list/300x196/pgc-image/RJ4CTr7ETrqjLB.webp\"},{\"url\":\"http://p3-tt.bytecdn.cn/list/300x196/pgc-image/RJ4CTr7ETrqjLB.webp\"}],\"width\":600}]', '2019-03-01 13:43:36', '2019-03-01 13:43:36'),
(84, 'news_sports', 5, '1米58体操五金王，娶1米63艺体女神为妻，网友：互拼高难度动作', 'http://toutiao.com/group/6659524367686304267/', '1米58体操五金王，娶1米63艺体女神为妻，网友：互拼高难度动作', '1米58体操五金王，娶1米63艺体女神为妻，网友：互拼高难度动作', '小欣体育', '', '2019-03-01 13:43:36', '2019-03-01 13:43:36'),
(85, 'news_sports', 5, '因颜值太高而走红，被称中国第一美女裁判，连周杰伦都看直眼', 'http://toutiao.com/group/6632501925981979140/', '因颜值太高而走红，被称中国第一美女裁判，连周杰伦都看直眼', '因颜值太高而走红，被称中国第一美女裁判，连周杰伦都看直眼', '小欣体育', '', '2019-03-01 13:43:36', '2019-03-01 13:43:36'),
(86, 'news_sports', 5, '体坛女神 蹦床公主何雯娜 经历蜕变她让颜值逆生长', 'http://toutiao.com/group/6637057245077045768/', '', '', '东方IC体坛速递', '[{\"height\":1802,\"uri\":\"list/pgc-image/d6f31b34ad274ae5ae6dfe7a48dfe388\",\"url\":\"http://p3-tt.bytecdn.cn/list/300x196/pgc-image/d6f31b34ad274ae5ae6dfe7a48dfe388.webp\",\"url_list\":[{\"url\":\"http://p3-tt.bytecdn.cn/list/300x196/pgc-image/d6f31b34ad274ae5ae6dfe7a48dfe388.webp\"},{\"url\":\"http://p9-tt.bytecdn.cn/list/300x196/pgc-image/d6f31b34ad274ae5ae6dfe7a48dfe388.webp\"},{\"url\":\"http://p6-tt.bytecdn.cn/list/300x196/pgc-image/d6f31b34ad274ae5ae6dfe7a48dfe388.webp\"}],\"width\":3204},{\"height\":426,\"uri\":\"list/pgc-image/882db44d377b4a648e7addc5f496870c\",\"url\":\"http://p1-tt.bytecdn.cn/list/300x196/pgc-image/882db44d377b4a648e7addc5f496870c.webp\",\"url_list\":[{\"url\":\"http://p1-tt.bytecdn.cn/list/300x196/pgc-image/882db44d377b4a648e7addc5f496870c.webp\"},{\"url\":\"http://p3-tt.bytecdn.cn/list/300x196/pgc-image/882db44d377b4a648e7addc5f496870c.webp\"},{\"url\":\"http://p3-tt.bytecdn.cn/list/300x196/pgc-image/882db44d377b4a648e7addc5f496870c.webp\"}],\"width\":758},{\"height\":576,\"uri\":\"list/pgc-image/054ab1eb830e4268ba3eadae03b1ae74\",\"url\":\"http://p1-tt.bytecdn.cn/list/300x196/pgc-image/054ab1eb830e4268ba3eadae03b1ae74.webp\",\"url_list\":[{\"url\":\"http://p1-tt.bytecdn.cn/list/300x196/pgc-image/054ab1eb830e4268ba3eadae03b1ae74.webp\"},{\"url\":\"http://p3-tt.bytecdn.cn/list/300x196/pgc-image/054ab1eb830e4268ba3eadae03b1ae74.webp\"},{\"url\":\"http://p3-tt.bytecdn.cn/list/300x196/pgc-image/054ab1eb830e4268ba3eadae03b1ae74.webp\"}],\"width\":1024}]', '2019-03-01 13:43:36', '2019-03-01 13:43:36'),
(87, 'news_sports', 5, '韩国第一巨兽扭屁股耍浪，被一龙一脚踢到要害，台下美女笑了', 'http://toutiao.com/group/6658524532933919239/', '韩国第一巨兽扭屁股耍浪，被一龙一脚踢到要害，台下美女笑了—《格斗世界》Single sister', '韩国第一巨兽扭屁股耍浪，被一龙一脚踢到要害，台下美女笑了—《格斗世界》Single sister', '格斗世界', '', '2019-03-01 13:43:36', '2019-03-01 13:43:36'),
(88, 'news_sports', 5, '老外疯狂扑倒中国女孩后悔！激怒王雪飞腿踹头逆袭打的头破血流！', 'http://toutiao.com/group/6652117753719161355/', '“飓风女孩”王雪，典型的东北女生，自由搏击（踢拳）、MMA双修选手，回想一路走来从自由搏击（踢拳）转战综合格斗（MMA），王雪说：这条路很累，但是我始终坚持，如果不去尝试怎么知道这是不是最好的我，我想站在领奖台上，没有人能够阻挡我前进的步伐，这才是真正的我。', '“飓风女孩”王雪，典型的东北女生，自由搏击（踢拳）、MMA双修选手，回想一路走来从自由搏击（踢拳）转战综合格斗（MMA），王雪说：这条路很累，但是我始终坚持，如果不去尝试怎么知道这是不是最好的我，我想站在领奖台上，没有人能够阻挡我前进的步伐，这才是真正的我。', '勇士的荣耀', '', '2019-03-01 13:43:36', '2019-03-01 13:43:36'),
(89, 'news_sports', 5, '日本美少女被中国女将打到全场逃窜，击倒三次被KO直接打哭！', 'http://toutiao.com/group/6650676097543307789/', '日本美少女被中国女将打到全场逃窜，击倒三次被KO直接打哭！', '日本美少女被中国女将打到全场逃窜，击倒三次被KO直接打哭！', '格斗世界', '', '2019-03-01 13:43:36', '2019-03-01 13:43:36'),
(90, 'news_sports', 5, '拳王泰森欠债，特朗普直接送给他1000万美元，有个好朋友多重要？', 'http://toutiao.com/group/6636622916270162436/', '无论是明星还是普通人，生活中总会有自己的一两个好友，检验真朋友的标准是在没钱的时候，还有没有人愿意和你做朋友。', '无论是明星还是普通人，生活中总会有自己的一两个好友，检验真朋友的标准是在没钱的时候，还有没有人愿意和你做朋友。', '资芽网', '', '2019-03-01 13:43:36', '2019-03-01 13:43:36'),
(91, 'news_sports', 5, 'CBA啦啦队，红色超短裙展现傲人身材，领舞一个动作惊艳全场！', 'https://api.youku.com/videos/player/file?data=WE5EQTJNVGM0T1RNNE9BPT18MnwxfDEwMDgxNDd8MAO0O0OO0O0O', '高能时刻 最佳阵容、最佳教练、最靓球迷，CBA闪光时刻.', '高能时刻 最佳阵容、最佳教练、最靓球迷，CBA闪光时刻.', '火力赛点', '', '2019-03-01 13:43:36', '2019-03-01 13:43:36'),
(92, 'news_sports', 5, '日本小光头坐地上耍无赖惨遭中国小将撅屁股挑衅后撞头暴打！精彩', 'http://toutiao.com/group/6648514072817959432/', '没实力就想耍无赖日本光头坐地不起，中国小将撅屁股回应！', '没实力就想耍无赖日本光头坐地不起，中国小将撅屁股回应！', '格斗世界', '', '2019-03-01 13:43:36', '2019-03-01 13:43:36'),
(93, 'news_sports', 5, '台湾主播患癌末期选择安乐死 影像曝光后引发生死大讨论', 'https://3w.huanqiu.com/a/7377b8/7KEPAy4HUNq?agt=20', '他/曾是篮球健将、篮球教练他/当过体育记者、电视主播他患癌末期选择安乐死影像曝光后引发生死大讨论“最后时刻”。', '他/曾是篮球健将、篮球教练他/当过体育记者、电视主播他患癌末期选择安乐死影像曝光后引发生死大讨论“最后时刻”。', '环球网', '[{\"height\":126,\"uri\":\"list/pgc-image/RJJrfTq3SZKhT2\",\"url\":\"http://p9-tt.bytecdn.cn/list/300x196/pgc-image/RJJrfTq3SZKhT2.webp\",\"url_list\":[{\"url\":\"http://p9-tt.bytecdn.cn/list/300x196/pgc-image/RJJrfTq3SZKhT2.webp\"},{\"url\":\"http://p6-tt.bytecdn.cn/list/300x196/pgc-image/RJJrfTq3SZKhT2.webp\"},{\"url\":\"http://p9-tt.bytecdn.cn/list/300x196/pgc-image/RJJrfTq3SZKhT2.webp\"}],\"width\":224},{\"height\":253,\"uri\":\"list/pgc-image/RJJrfU5EdEdUjP\",\"url\":\"http://p9-tt.bytecdn.cn/list/300x196/pgc-image/RJJrfU5EdEdUjP.webp\",\"url_list\":[{\"url\":\"http://p9-tt.bytecdn.cn/list/300x196/pgc-image/RJJrfU5EdEdUjP.webp\"},{\"url\":\"http://p9-tt.bytecdn.cn/list/300x196/pgc-image/RJJrfU5EdEdUjP.webp\"},{\"url\":\"http://p6-tt.bytecdn.cn/list/300x196/pgc-image/RJJrfU5EdEdUjP.webp\"}],\"width\":450},{\"height\":243,\"uri\":\"list/pgc-image/RJJrfUH8obHanU\",\"url\":\"http://p9-tt.bytecdn.cn/list/300x196/pgc-image/RJJrfUH8obHanU.webp\",\"url_list\":[{\"url\":\"http://p9-tt.bytecdn.cn/list/300x196/pgc-image/RJJrfUH8obHanU.webp\"},{\"url\":\"http://p9-tt.bytecdn.cn/list/300x196/pgc-image/RJJrfUH8obHanU.webp\"},{\"url\":\"http://p3-tt.bytecdn.cn/list/300x196/pgc-image/RJJrfUH8obHanU.webp\"}],\"width\":433}]', '2019-03-01 13:43:36', '2019-03-01 13:43:36'),
(94, 'news_sports', 5, '英国23岁足球教练遭女友6年变态虐待，被救时仅剩一口气', 'http://toutiao.com/group/6661069734294848011/', '受虐待，被泼沸水、遭刀子砍、被罚睡地板…照片上这个英国男子名叫亚历克斯·斯基尔，今年23岁的他是两个孩子的父亲，同时也是一名足球教练。', '受虐待，被泼沸水、遭刀子砍、被罚睡地板…照片上这个英国男子名叫亚历克斯·斯基尔，今年23岁的他是两个孩子的父亲，同时也是一名足球教练。', '新闻晨报', '[{\"height\":356,\"uri\":\"list/pgc-image/c90127cd2f7b45d5bedad29657a41ff8\",\"url\":\"http://p6-tt.bytecdn.cn/list/300x196/pgc-image/c90127cd2f7b45d5bedad29657a41ff8.webp\",\"url_list\":[{\"url\":\"http://p6-tt.bytecdn.cn/list/300x196/pgc-image/c90127cd2f7b45d5bedad29657a41ff8.webp\"},{\"url\":\"http://p3-tt.bytecdn.cn/list/300x196/pgc-image/c90127cd2f7b45d5bedad29657a41ff8.webp\"},{\"url\":\"http://p1-tt.bytecdn.cn/list/300x196/pgc-image/c90127cd2f7b45d5bedad29657a41ff8.webp\"}],\"width\":634},{\"height\":279,\"uri\":\"list/pgc-image/dac3243c99f94ca09ac79ae47e63cd6b\",\"url\":\"http://p3-tt.bytecdn.cn/list/300x196/pgc-image/dac3243c99f94ca09ac79ae47e63cd6b.webp\",\"url_list\":[{\"url\":\"http://p3-tt.bytecdn.cn/list/300x196/pgc-image/dac3243c99f94ca09ac79ae47e63cd6b.webp\"},{\"url\":\"http://p3-tt.bytecdn.cn/list/300x196/pgc-image/dac3243c99f94ca09ac79ae47e63cd6b.webp\"},{\"url\":\"http://p6-tt.bytecdn.cn/list/300x196/pgc-image/dac3243c99f94ca09ac79ae47e63cd6b.webp\"}],\"width\":496},{\"height\":266,\"uri\":\"list/pgc-image/c51cb3873420439ba7103429c3551511\",\"url\":\"http://p1-tt.bytecdn.cn/list/300x196/pgc-image/c51cb3873420439ba7103429c3551511.webp\",\"url_list\":[{\"url\":\"http://p1-tt.bytecdn.cn/list/300x196/pgc-image/c51cb3873420439ba7103429c3551511.webp\"},{\"url\":\"http://p3-tt.bytecdn.cn/list/300x196/pgc-image/c51cb3873420439ba7103429c3551511.webp\"},{\"url\":\"http://p3-tt.bytecdn.cn/list/300x196/pgc-image/c51cb3873420439ba7103429c3551511.webp\"}],\"width\":473}]', '2019-03-01 13:43:36', '2019-03-01 13:43:36'),
(95, 'news_sports', 5, '男子健身20年，如今2米280斤成巨人，和女友展现最萌身高差', 'http://m.gmw.cn/toutiao/2019-01/25/content_122034946.htm', '相信大家都听过一些传闻，说是年纪太小，太早对身体进行锻炼会导致发育不好，其实这是错误的。在很久以前的科学研究就表示了，科学健身绝对不会让你长不高，反而在被锻炼骨质下你会长得更高。', '相信大家都听过一些传闻，说是年纪太小，太早对身体进行锻炼会导致发育不好，其实这是错误的。在很久以前的科学研究就表示了，科学健身绝对不会让你长不高，反而在被锻炼骨质下你会长得更高。', '光明网', '[{\"height\":394,\"uri\":\"list/pgc-image/RG7M91pBY4zcWC\",\"url\":\"http://p9-tt.bytecdn.cn/list/300x196/pgc-image/RG7M91pBY4zcWC.webp\",\"url_list\":[{\"url\":\"http://p9-tt.bytecdn.cn/list/300x196/pgc-image/RG7M91pBY4zcWC.webp\"},{\"url\":\"http://p1-tt.bytecdn.cn/list/300x196/pgc-image/RG7M91pBY4zcWC.webp\"},{\"url\":\"http://p9-tt.bytecdn.cn/list/300x196/pgc-image/RG7M91pBY4zcWC.webp\"}],\"width\":701},{\"height\":382,\"uri\":\"list/pgc-image/RG7M92H8fQXPdG\",\"url\":\"http://p1-tt.bytecdn.cn/list/300x196/pgc-image/RG7M92H8fQXPdG.webp\",\"url_list\":[{\"url\":\"http://p1-tt.bytecdn.cn/list/300x196/pgc-image/RG7M92H8fQXPdG.webp\"},{\"url\":\"http://p6-tt.bytecdn.cn/list/300x196/pgc-image/RG7M92H8fQXPdG.webp\"},{\"url\":\"http://p6-tt.bytecdn.cn/list/300x196/pgc-image/RG7M92H8fQXPdG.webp\"}],\"width\":680},{\"height\":388,\"uri\":\"list/pgc-image/RG7M92d3jdLDUl\",\"url\":\"http://p6-tt.bytecdn.cn/list/300x196/pgc-image/RG7M92d3jdLDUl.webp\",\"url_list\":[{\"url\":\"http://p6-tt.bytecdn.cn/list/300x196/pgc-image/RG7M92d3jdLDUl.webp\"},{\"url\":\"http://p1-tt.bytecdn.cn/list/300x196/pgc-image/RG7M92d3jdLDUl.webp\"},{\"url\":\"http://p9-tt.bytecdn.cn/list/300x196/pgc-image/RG7M92d3jdLDUl.webp\"}],\"width\":691}]', '2019-03-01 13:43:36', '2019-03-01 13:43:36'),
(96, 'news_sports', 5, '国足的年薪到底有多高？看看王大雷晒出的这张照片，太土豪！', 'http://toutiao.com/group/6632466266235863566/', '毕竟人家一年满打满算差不多能赚2000万呢。一个一年赚2000万的人，花1万多买双鞋就相当于我们平时花100多块钱买个东西，这对他来说都不叫钱。', '毕竟人家一年满打满算差不多能赚2000万呢。一个一年赚2000万的人，花1万多买双鞋就相当于我们平时花100多块钱买个东西，这对他来说都不叫钱。', '搜达足球', '', '2019-03-01 13:43:36', '2019-03-01 13:43:36'),
(97, 'news_finance', 6, '哪些软件可以模拟炒股，模拟炒股对投资理财有好处吗？', 'http://toutiao.com/group/6662944263036207620/', '一些散户游资开始奔跑入市，毕竟经历了2018年这样股市低迷的时期，大家都期待着沪指能够超过3000大关小赚一笔。', '一些散户游资开始奔跑入市，毕竟经历了2018年这样股市低迷的时期，大家都期待着沪指能够超过3000大关小赚一笔。', '叩富网', '[{\"height\":293,\"uri\":\"list/pgc-image/731e00ff3374483d8f4e87bfe5bfecda\",\"url\":\"http://p1-tt.bytecdn.cn/list/300x196/pgc-image/731e00ff3374483d8f4e87bfe5bfecda.webp\",\"url_list\":[{\"url\":\"http://p1-tt.bytecdn.cn/list/300x196/pgc-image/731e00ff3374483d8f4e87bfe5bfecda.webp\"},{\"url\":\"http://p1-tt.bytecdn.cn/list/300x196/pgc-image/731e00ff3374483d8f4e87bfe5bfecda.webp\"},{\"url\":\"http://p9-tt.bytecdn.cn/list/300x196/pgc-image/731e00ff3374483d8f4e87bfe5bfecda.webp\"}],\"width\":521},{\"height\":360,\"uri\":\"list/pgc-image/4a2d37e5b24244c58914ae3cc3b678fa\",\"url\":\"http://p1-tt.bytecdn.cn/list/300x196/pgc-image/4a2d37e5b24244c58914ae3cc3b678fa.webp\",\"url_list\":[{\"url\":\"http://p1-tt.bytecdn.cn/list/300x196/pgc-image/4a2d37e5b24244c58914ae3cc3b678fa.webp\"},{\"url\":\"http://p6-tt.bytecdn.cn/list/300x196/pgc-image/4a2d37e5b24244c58914ae3cc3b678fa.webp\"},{\"url\":\"http://p9-tt.bytecdn.cn/list/300x196/pgc-image/4a2d37e5b24244c58914ae3cc3b678fa.webp\"}],\"width\":640},{\"height\":213,\"uri\":\"list/pgc-image/cc09b1b814b246a3badd91cd597b6521\",\"url\":\"http://p9-tt.bytecdn.cn/list/300x196/pgc-image/cc09b1b814b246a3badd91cd597b6521.webp\",\"url_list\":[{\"url\":\"http://p9-tt.bytecdn.cn/list/300x196/pgc-image/cc09b1b814b246a3badd91cd597b6521.webp\"},{\"url\":\"http://p1-tt.bytecdn.cn/list/300x196/pgc-image/cc09b1b814b246a3badd91cd597b6521.webp\"},{\"url\":\"http://p9-tt.bytecdn.cn/list/300x196/pgc-image/cc09b1b814b246a3badd91cd597b6521.webp\"}],\"width\":380}]', '2019-03-01 13:44:00', '2019-03-01 13:44:00'),
(98, 'news_finance', 6, '#净网2019#网贷骗局再升级……', 'http://toutiao.com/group/6663240463480259075/', '随着互联网的不断发展，电子钱包逐渐普及，随之衍生而来的网贷产品也逐渐增多。很多网贷产品又凭借着秒放款、利息低、无需抵押以及数千甚至数万额度等特质吸引了大量用户。', '随着互联网的不断发展，电子钱包逐渐普及，随之衍生而来的网贷产品也逐渐增多。很多网贷产品又凭借着秒放款、利息低、无需抵押以及数千甚至数万额度等特质吸引了大量用户。', '新疆网警巡查执法', '[{\"height\":159,\"uri\":\"list/pgc-image/2518fbfb44a74463beb2870b6b8546da\",\"url\":\"http://p1-tt.bytecdn.cn/list/300x196/pgc-image/2518fbfb44a74463beb2870b6b8546da.webp\",\"url_list\":[{\"url\":\"http://p1-tt.bytecdn.cn/list/300x196/pgc-image/2518fbfb44a74463beb2870b6b8546da.webp\"},{\"url\":\"http://p6-tt.bytecdn.cn/list/300x196/pgc-image/2518fbfb44a74463beb2870b6b8546da.webp\"},{\"url\":\"http://p3-tt.bytecdn.cn/list/300x196/pgc-image/2518fbfb44a74463beb2870b6b8546da.webp\"}],\"width\":283},{\"height\":306,\"uri\":\"list/pgc-image/fc377bffd16f450d99623ad9a154a7d4\",\"url\":\"http://p9-tt.bytecdn.cn/list/300x196/pgc-image/fc377bffd16f450d99623ad9a154a7d4.webp\",\"url_list\":[{\"url\":\"http://p9-tt.bytecdn.cn/list/300x196/pgc-image/fc377bffd16f450d99623ad9a154a7d4.webp\"},{\"url\":\"http://p1-tt.bytecdn.cn/list/300x196/pgc-image/fc377bffd16f450d99623ad9a154a7d4.webp\"},{\"url\":\"http://p1-tt.bytecdn.cn/list/300x196/pgc-image/fc377bffd16f450d99623ad9a154a7d4.webp\"}],\"width\":545},{\"height\":259,\"uri\":\"list/pgc-image/1528394386661c75f0139ba\",\"url\":\"http://p3-tt.bytecdn.cn/list/300x196/pgc-image/1528394386661c75f0139ba.webp\",\"url_list\":[{\"url\":\"http://p3-tt.bytecdn.cn/list/300x196/pgc-image/1528394386661c75f0139ba.webp\"},{\"url\":\"http://p3-tt.bytecdn.cn/list/300x196/pgc-image/1528394386661c75f0139ba.webp\"},{\"url\":\"http://p3-tt.bytecdn.cn/list/300x196/pgc-image/1528394386661c75f0139ba.webp\"}],\"width\":462}]', '2019-03-01 13:44:00', '2019-03-01 13:44:00'),
(99, 'news_finance', 6, '艺术金融化至少有两大好处', 'http://toutiao.com/group/6662977170559730184/', '投资者投资与交易的是艺术品资产的金融份额，可大可小，可多可少，艺术金融从真正意义上让艺术品走进了“寻常百姓家”。', '投资者投资与交易的是艺术品资产的金融份额，可大可小，可多可少，艺术金融从真正意义上让艺术品走进了“寻常百姓家”。', '汇鑫藏品', '[{\"height\":697,\"uri\":\"list/pgc-image/8bef0cb96f764d1ca9408852115d8f6a\",\"url\":\"http://p9-tt.bytecdn.cn/list/300x196/pgc-image/8bef0cb96f764d1ca9408852115d8f6a.webp\",\"url_list\":[{\"url\":\"http://p9-tt.bytecdn.cn/list/300x196/pgc-image/8bef0cb96f764d1ca9408852115d8f6a.webp\"},{\"url\":\"http://p6-tt.bytecdn.cn/list/300x196/pgc-image/8bef0cb96f764d1ca9408852115d8f6a.webp\"},{\"url\":\"http://p6-tt.bytecdn.cn/list/300x196/pgc-image/8bef0cb96f764d1ca9408852115d8f6a.webp\"}],\"width\":1352},{\"height\":453,\"uri\":\"list/pgc-image/f5d1d14759c542d2af0ae854fedea479\",\"url\":\"http://p6-tt.bytecdn.cn/list/300x196/pgc-image/f5d1d14759c542d2af0ae854fedea479.webp\",\"url_list\":[{\"url\":\"http://p6-tt.bytecdn.cn/list/300x196/pgc-image/f5d1d14759c542d2af0ae854fedea479.webp\"},{\"url\":\"http://p1-tt.bytecdn.cn/list/300x196/pgc-image/f5d1d14759c542d2af0ae854fedea479.webp\"},{\"url\":\"http://p6-tt.bytecdn.cn/list/300x196/pgc-image/f5d1d14759c542d2af0ae854fedea479.webp\"}],\"width\":807},{\"height\":524,\"uri\":\"list/pgc-image/75abae5dbddd45208f91bf9a18800814\",\"url\":\"http://p3-tt.bytecdn.cn/list/300x196/pgc-image/75abae5dbddd45208f91bf9a18800814.webp\",\"url_list\":[{\"url\":\"http://p3-tt.bytecdn.cn/list/300x196/pgc-image/75abae5dbddd45208f91bf9a18800814.webp\"},{\"url\":\"http://p1-tt.bytecdn.cn/list/300x196/pgc-image/75abae5dbddd45208f91bf9a18800814.webp\"},{\"url\":\"http://p6-tt.bytecdn.cn/list/300x196/pgc-image/75abae5dbddd45208f91bf9a18800814.webp\"}],\"width\":933}]', '2019-03-01 13:44:00', '2019-03-01 13:44:00'),
(100, 'news_finance', 6, '社保基金等长线资金入市政策利好可期', 'http://www.jjsy.org.cn/html/n/c0301212613.html', '2月27日，在国新办举行的新闻发布会上，证监会主席易会满指出，必须敬畏专业，强化战略思维、创新思维。', '2月27日，在国新办举行的新闻发布会上，证监会主席易会满指出，必须敬畏专业，强化战略思维、创新思维。', '经济视野网', '', '2019-03-01 13:44:00', '2019-03-01 13:44:00'),
(101, 'news_finance', 6, '异能无人机董事长蔡辉敏获评“东莞十大经济人物”', 'http://toutiao.com/group/6662935589270061576/', '恭喜我司董事长蔡辉敏： 获得东莞经济年会组委会颁发的 2018年度“东莞十大经济人物”荣誉称号。 为探索东莞经济的高质量增长路径，1月6日，由东莞市工商业联合会、东莞市科学技术协会指导，东莞经济与城市发展研究会主办的“2019第十一届东莞经济年会”在松山湖中科院云计算机中心举办。', '恭喜我司董事长蔡辉敏： 获得东莞经济年会组委会颁发的 2018年度“东莞十大经济人物”荣誉称号。 为探索东莞经济的高质量增长路径，1月6日，由东莞市工商业联合会、东莞市科学技术协会指导，东莞经济与城市发展研究会主办的“2019第十一届东莞经济年会”在松山湖中科院云计算机中心举办。', '异能无人机', '[{\"height\":544,\"uri\":\"list/pgc-image/20464272bdc248a2a8f93b6f61af64ac\",\"url\":\"http://p3-tt.bytecdn.cn/list/300x196/pgc-image/20464272bdc248a2a8f93b6f61af64ac.webp\",\"url_list\":[{\"url\":\"http://p3-tt.bytecdn.cn/list/300x196/pgc-image/20464272bdc248a2a8f93b6f61af64ac.webp\"},{\"url\":\"http://p9-tt.bytecdn.cn/list/300x196/pgc-image/20464272bdc248a2a8f93b6f61af64ac.webp\"},{\"url\":\"http://p3-tt.bytecdn.cn/list/300x196/pgc-image/20464272bdc248a2a8f93b6f61af64ac.webp\"}],\"width\":1080},{\"height\":607,\"uri\":\"list/pgc-image/35157dacfc0b43de8b2f0376b4b1f7f3\",\"url\":\"http://p6-tt.bytecdn.cn/list/300x196/pgc-image/35157dacfc0b43de8b2f0376b4b1f7f3.webp\",\"url_list\":[{\"url\":\"http://p6-tt.bytecdn.cn/list/300x196/pgc-image/35157dacfc0b43de8b2f0376b4b1f7f3.webp\"},{\"url\":\"http://p1-tt.bytecdn.cn/list/300x196/pgc-image/35157dacfc0b43de8b2f0376b4b1f7f3.webp\"},{\"url\":\"http://p9-tt.bytecdn.cn/list/300x196/pgc-image/35157dacfc0b43de8b2f0376b4b1f7f3.webp\"}],\"width\":1080},{\"height\":607,\"uri\":\"list/pgc-image/cdf93c2b6f9747029bff3e36da362b2b\",\"url\":\"http://p6-tt.bytecdn.cn/list/300x196/pgc-image/cdf93c2b6f9747029bff3e36da362b2b.webp\",\"url_list\":[{\"url\":\"http://p6-tt.bytecdn.cn/list/300x196/pgc-image/cdf93c2b6f9747029bff3e36da362b2b.webp\"},{\"url\":\"http://p6-tt.bytecdn.cn/list/300x196/pgc-image/cdf93c2b6f9747029bff3e36da362b2b.webp\"},{\"url\":\"http://p3-tt.bytecdn.cn/list/300x196/pgc-image/cdf93c2b6f9747029bff3e36da362b2b.webp\"}],\"width\":1080}]', '2019-03-01 13:44:00', '2019-03-01 13:44:00'),
(102, 'news_finance', 6, '税局紧急通知，工资+社保+申报+发票+汇算清缴+注销新规开始', 'http://toutiao.com/group/6662995458895380999/', '2019增值税政策变化很大1、小微企业税负大降，增值税起征点提至10万1月17日，财税〔2019〕13号重磅发布：对小微企业推出一批新的普惠性减税措施。', '2019增值税政策变化很大1、小微企业税负大降，增值税起征点提至10万1月17日，财税〔2019〕13号重磅发布：对小微企业推出一批新的普惠性减税措施。', '礼舍企业激励智囊', '[{\"height\":463,\"uri\":\"list/pgc-image/bfa04ca1e2c049d88ba04a00e3b8289b\",\"url\":\"http://p6-tt.bytecdn.cn/list/300x196/pgc-image/bfa04ca1e2c049d88ba04a00e3b8289b.webp\",\"url_list\":[{\"url\":\"http://p6-tt.bytecdn.cn/list/300x196/pgc-image/bfa04ca1e2c049d88ba04a00e3b8289b.webp\"},{\"url\":\"http://p3-tt.bytecdn.cn/list/300x196/pgc-image/bfa04ca1e2c049d88ba04a00e3b8289b.webp\"},{\"url\":\"http://p1-tt.bytecdn.cn/list/300x196/pgc-image/bfa04ca1e2c049d88ba04a00e3b8289b.webp\"}],\"width\":1004},{\"height\":388,\"uri\":\"list/pgc-image/62fedaaec6124d58863535c29ba21e18\",\"url\":\"http://p6-tt.bytecdn.cn/list/300x196/pgc-image/62fedaaec6124d58863535c29ba21e18.webp\",\"url_list\":[{\"url\":\"http://p6-tt.bytecdn.cn/list/300x196/pgc-image/62fedaaec6124d58863535c29ba21e18.webp\"},{\"url\":\"http://p3-tt.bytecdn.cn/list/300x196/pgc-image/62fedaaec6124d58863535c29ba21e18.webp\"},{\"url\":\"http://p6-tt.bytecdn.cn/list/300x196/pgc-image/62fedaaec6124d58863535c29ba21e18.webp\"}],\"width\":1004},{\"height\":580,\"uri\":\"list/pgc-image/12005f7b05714f1c8ecc7b9cb7281085\",\"url\":\"http://p9-tt.bytecdn.cn/list/300x196/pgc-image/12005f7b05714f1c8ecc7b9cb7281085.webp\",\"url_list\":[{\"url\":\"http://p9-tt.bytecdn.cn/list/300x196/pgc-image/12005f7b05714f1c8ecc7b9cb7281085.webp\"},{\"url\":\"http://p9-tt.bytecdn.cn/list/300x196/pgc-image/12005f7b05714f1c8ecc7b9cb7281085.webp\"},{\"url\":\"http://p3-tt.bytecdn.cn/list/300x196/pgc-image/12005f7b05714f1c8ecc7b9cb7281085.webp\"}],\"width\":1032}]', '2019-03-01 13:44:00', '2019-03-01 13:44:00'),
(103, 'news_finance', 6, '大面行情！令人心碎，令人敬畏！', 'http://toutiao.com/group/6663051534198112771/', '自前日10倍大妖股东方通信天地板后，市场连续三日持续大面行情，整个短线市场都被带崩。原本市场激进资金还以为大金融板块能捣乱成功，继续将市场情绪衔接起来，再走一个加速期行情，然而他们失望了。', '自前日10倍大妖股东方通信天地板后，市场连续三日持续大面行情，整个短线市场都被带崩。原本市场激进资金还以为大金融板块能捣乱成功，继续将市场情绪衔接起来，再走一个加速期行情，然而他们失望了。', '水晶球财经网', '', '2019-03-01 13:44:00', '2019-03-01 13:44:00');
INSERT INTO `news` (`news_id`, `news_category_id`, `news_producer_id`, `news_title`, `news_url`, `news_abstract`, `news_content`, `news_source`, `news_image_list`, `create_time`, `last_edit_time`) VALUES
(104, 'news_finance', 6, '苏宁首发2019空调行业白皮书：四大工程提前布局未来增长点', 'https://www.veryol.com/article/229790.html', '马婷婷34,939本文共计1364个字，预计阅读时长需要4分钟。今日，2019发展峰会暨白皮书发布会在南京苏宁总部正式召开。', '马婷婷34,939本文共计1364个字，预计阅读时长需要4分钟。今日，2019发展峰会暨白皮书发布会在南京苏宁总部正式召开。', '非常在线', '[{\"height\":346,\"uri\":\"list/pgc-image/RJNn9aqCuZ6aJd\",\"url\":\"http://p6-tt.bytecdn.cn/list/300x196/pgc-image/RJNn9aqCuZ6aJd.webp\",\"url_list\":[{\"url\":\"http://p6-tt.bytecdn.cn/list/300x196/pgc-image/RJNn9aqCuZ6aJd.webp\"},{\"url\":\"http://p6-tt.bytecdn.cn/list/300x196/pgc-image/RJNn9aqCuZ6aJd.webp\"},{\"url\":\"http://p6-tt.bytecdn.cn/list/300x196/pgc-image/RJNn9aqCuZ6aJd.webp\"}],\"width\":650},{\"height\":327,\"uri\":\"list/pgc-image/RJNn9bB5sl18OH\",\"url\":\"http://p6-tt.bytecdn.cn/list/300x196/pgc-image/RJNn9bB5sl18OH.webp\",\"url_list\":[{\"url\":\"http://p6-tt.bytecdn.cn/list/300x196/pgc-image/RJNn9bB5sl18OH.webp\"},{\"url\":\"http://p9-tt.bytecdn.cn/list/300x196/pgc-image/RJNn9bB5sl18OH.webp\"},{\"url\":\"http://p6-tt.bytecdn.cn/list/300x196/pgc-image/RJNn9bB5sl18OH.webp\"}],\"width\":650},{\"height\":317,\"uri\":\"list/pgc-image/RJNn9bPDOAl3jM\",\"url\":\"http://p1-tt.bytecdn.cn/list/300x196/pgc-image/RJNn9bPDOAl3jM.webp\",\"url_list\":[{\"url\":\"http://p1-tt.bytecdn.cn/list/300x196/pgc-image/RJNn9bPDOAl3jM.webp\"},{\"url\":\"http://p3-tt.bytecdn.cn/list/300x196/pgc-image/RJNn9bPDOAl3jM.webp\"},{\"url\":\"http://p3-tt.bytecdn.cn/list/300x196/pgc-image/RJNn9bPDOAl3jM.webp\"}],\"width\":650}]', '2019-03-01 13:44:00', '2019-03-01 13:44:00'),
(105, 'news_finance', 6, '这轮猪周期景气度几何？', 'http://www.ncpqh.com/news/getDetail?id=479170', '整个2月，提前布局猪肉养殖板块的投资者可谓是喜笑颜开，因为他们手中持有的个股纷纷大涨，融资客、深股通、机构、知名游资均是生猪养殖股的做多大军。', '整个2月，提前布局猪肉养殖板块的投资者可谓是喜笑颜开，因为他们手中持有的个股纷纷大涨，融资客、深股通、机构、知名游资均是生猪养殖股的做多大军。', '布瑞克农业数据', '', '2019-03-01 13:44:00', '2019-03-01 13:44:00'),
(106, 'news_finance', 6, '社保基金等长线资金入市政策利好可期', 'http://epaper.zqrb.cn/html/2019-03/01/content_413620.htm?div=-1', '本报见习记者孟珂2月27日，在国新办举行的新闻发布会上，证监会主席易会满指出，必须敬畏专业，强化战略思维、创新思维。', '本报见习记者孟珂2月27日，在国新办举行的新闻发布会上，证监会主席易会满指出，必须敬畏专业，强化战略思维、创新思维。', '证券日报', '', '2019-03-01 13:44:00', '2019-03-01 13:44:00'),
(107, 'news_finance', 6, '保险买的早，就能得到更多的好处吗？', 'http://toutiao.com/group/6662963652305355278/', '商业保险，越早买越好，这是没有错的，毕竟早买能够早享受保障。比如养老保险、年金保险、理财保险等，还有一些保险，如医疗保险、重疾险等，买的早保费也会便宜不少。', '商业保险，越早买越好，这是没有错的，毕竟早买能够早享受保障。比如养老保险、年金保险、理财保险等，还有一些保险，如医疗保险、重疾险等，买的早保费也会便宜不少。', '保险同城网', '', '2019-03-01 13:44:00', '2019-03-01 13:44:00'),
(108, 'news_finance', 6, '2019年基建投资回暖，工程机械行业景气度有望提升', 'http://toutiao.com/group/6662917815290298891/', '在中央提出“财政政策要在扩大内需和结构调整上发挥更大作用、保持流动性合理充裕、加大基础设施领域补短板力度”的背景下。', '在中央提出“财政政策要在扩大内需和结构调整上发挥更大作用、保持流动性合理充裕、加大基础设施领域补短板力度”的背景下。', '北京众要机械科技', '', '2019-03-01 13:44:00', '2019-03-01 13:44:00'),
(109, 'news_finance', 6, '轮回的猪周期拐点将至？', 'http://www.ncpqh.com/news/getDetail?id=479169', '今年的资本市场，生猪养殖股“火”了。龙头温氏股份和牧原股份股价节节攀升，一个向着市值2000亿元迈进，另一个市值也升至千亿元附近。', '今年的资本市场，生猪养殖股“火”了。龙头温氏股份和牧原股份股价节节攀升，一个向着市值2000亿元迈进，另一个市值也升至千亿元附近。', '布瑞克农业数据', '', '2019-03-01 13:44:00', '2019-03-01 13:44:00'),
(110, 'news_finance', 6, '朝鲜凌晨突开发布会驳美国：没要求彻底解除制裁', 'https://toutiao.xinmin.cn/mobile/news/content/31493975', '他表示：双方就解除对朝制裁等问题出现分歧。受此影响，当天韩国股市出现大幅震荡，尾盘跳水。首尔综指收盘下跌39.35点，跌幅达近1.8%，创下去年10月以来最大单日跌幅。', '他表示：双方就解除对朝制裁等问题出现分歧。受此影响，当天韩国股市出现大幅震荡，尾盘跳水。首尔综指收盘下跌39.35点，跌幅达近1.8%，创下去年10月以来最大单日跌幅。', '新民网', '[{\"height\":339,\"uri\":\"list/pgc-image/RJPwVSa4PcvkA\",\"url\":\"http://p3-tt.bytecdn.cn/list/300x196/pgc-image/RJPwVSa4PcvkA.webp\",\"url_list\":[{\"url\":\"http://p3-tt.bytecdn.cn/list/300x196/pgc-image/RJPwVSa4PcvkA.webp\"},{\"url\":\"http://p9-tt.bytecdn.cn/list/300x196/pgc-image/RJPwVSa4PcvkA.webp\"},{\"url\":\"http://p3-tt.bytecdn.cn/list/300x196/pgc-image/RJPwVSa4PcvkA.webp\"}],\"width\":604},{\"height\":337,\"uri\":\"list/pgc-image/RJPwVSv5sUVEKY\",\"url\":\"http://p3-tt.bytecdn.cn/list/300x196/pgc-image/RJPwVSv5sUVEKY.webp\",\"url_list\":[{\"url\":\"http://p3-tt.bytecdn.cn/list/300x196/pgc-image/RJPwVSv5sUVEKY.webp\"},{\"url\":\"http://p3-tt.bytecdn.cn/list/300x196/pgc-image/RJPwVSv5sUVEKY.webp\"},{\"url\":\"http://p3-tt.bytecdn.cn/list/300x196/pgc-image/RJPwVSv5sUVEKY.webp\"}],\"width\":600},{\"height\":337,\"uri\":\"list/pgc-image/RJPwVTGBqfYm16\",\"url\":\"http://p6-tt.bytecdn.cn/list/300x196/pgc-image/RJPwVTGBqfYm16.webp\",\"url_list\":[{\"url\":\"http://p6-tt.bytecdn.cn/list/300x196/pgc-image/RJPwVTGBqfYm16.webp\"},{\"url\":\"http://p9-tt.bytecdn.cn/list/300x196/pgc-image/RJPwVTGBqfYm16.webp\"},{\"url\":\"http://p6-tt.bytecdn.cn/list/300x196/pgc-image/RJPwVTGBqfYm16.webp\"}],\"width\":600}]', '2019-03-01 13:44:00', '2019-03-01 13:44:00'),
(111, 'news_finance', 6, '美的置业：亮剑上市元年 蓄势未来发展', 'http://news.fang.com/2019-02-27/31707503.htm', '3房网2019-02-2715:30美的置业集团成立于2004年。秉承“智慧生活，美的人生”的企业理念，已形成了以智慧健康住宅开发为主，同时涉及生活服务、智慧家居、商业运营、建筑工业化、产城运营、高端配套等领域的多元化业务体系。', '3房网2019-02-2715:30美的置业集团成立于2004年。秉承“智慧生活，美的人生”的企业理念，已形成了以智慧健康住宅开发为主，同时涉及生活服务、智慧家居、商业运营、建筑工业化、产城运营、高端配套等领域的多元化业务体系。', '常州房天下', '[{\"height\":400,\"uri\":\"list/pgc-image/RJGKAC06oADAyw\",\"url\":\"http://p9-tt.bytecdn.cn/list/300x196/pgc-image/RJGKAC06oADAyw.webp\",\"url_list\":[{\"url\":\"http://p9-tt.bytecdn.cn/list/300x196/pgc-image/RJGKAC06oADAyw.webp\"},{\"url\":\"http://p9-tt.bytecdn.cn/list/300x196/pgc-image/RJGKAC06oADAyw.webp\"},{\"url\":\"http://p1-tt.bytecdn.cn/list/300x196/pgc-image/RJGKAC06oADAyw.webp\"}],\"width\":940},{\"height\":740,\"uri\":\"list/pgc-image/RJGKACZEtoL3E8\",\"url\":\"http://p3-tt.bytecdn.cn/list/300x196/pgc-image/RJGKACZEtoL3E8.webp\",\"url_list\":[{\"url\":\"http://p3-tt.bytecdn.cn/list/300x196/pgc-image/RJGKACZEtoL3E8.webp\"},{\"url\":\"http://p3-tt.bytecdn.cn/list/300x196/pgc-image/RJGKACZEtoL3E8.webp\"},{\"url\":\"http://p1-tt.bytecdn.cn/list/300x196/pgc-image/RJGKACZEtoL3E8.webp\"}],\"width\":1317},{\"height\":234,\"uri\":\"list/pgc-image/RJGKADJ15LGlVL\",\"url\":\"http://p1-tt.bytecdn.cn/list/300x196/pgc-image/RJGKADJ15LGlVL.webp\",\"url_list\":[{\"url\":\"http://p1-tt.bytecdn.cn/list/300x196/pgc-image/RJGKADJ15LGlVL.webp\"},{\"url\":\"http://p1-tt.bytecdn.cn/list/300x196/pgc-image/RJGKADJ15LGlVL.webp\"},{\"url\":\"http://p9-tt.bytecdn.cn/list/300x196/pgc-image/RJGKADJ15LGlVL.webp\"}],\"width\":576}]', '2019-03-01 13:44:00', '2019-03-01 13:44:00'),
(112, 'news_finance', 6, '企业数据背后，可能藏着家具业的大坑', 'http://toutiao.com/group/6662971491950264844/', '高速增长的变成低速增长；利润下降严重；应该赢利的毫无征兆地突然就亏损了；那些业绩预计不佳的果然翻不了身。', '高速增长的变成低速增长；利润下降严重；应该赢利的毫无征兆地突然就亏损了；那些业绩预计不佳的果然翻不了身。', '新浪家居', '', '2019-03-01 13:44:00', '2019-03-01 13:44:00'),
(113, 'news_finance', 6, '全国12省市重奖科创板上市，云南省补贴1600万', 'http://www.lanjinger.com/news/detail?id=105753', '2月15日至17日，上交所各领导先后分赴上海、北京、深圳、成都四地召开了9场片区座谈会，面对面听取市场各类主体对设立科创板并试点注册制配套规则的意见建议。', '2月15日至17日，上交所各领导先后分赴上海、北京、深圳、成都四地召开了9场片区座谈会，面对面听取市场各类主体对设立科创板并试点注册制配套规则的意见建议。', '蓝鲸财经', '', '2019-03-01 13:44:00', '2019-03-01 13:44:00'),
(114, 'news_finance', 6, '警惕！还没到牛市，这群人就套现离场了？！', 'http://toutiao.com/group/6662975459317252615/', '春节过后，A股市场喜迎超级开门红，三大指数集体上涨，各大版块轮番掀起涨停潮，市场上下一片欢腾！白天，涨停板刷屏了；晚上，竟被减持公告刷屏…', '春节过后，A股市场喜迎超级开门红，三大指数集体上涨，各大版块轮番掀起涨停潮，市场上下一片欢腾！白天，涨停板刷屏了；晚上，竟被减持公告刷屏…', '基金决策宝', '', '2019-03-01 13:44:00', '2019-03-01 13:44:00'),
(115, 'news_finance', 6, '职业年金首笔缴费到账 A股重要增量资金进场', 'https://m.1234567.com.cn/?page=zxzw&code=201903011056601324', '2月27日，中央国家机关及所属事业单位职业年金计划第一笔缴费已划入中国人寿养老保险股份有限公司担任受托人的壹号计划受托财产账户。', '2月27日，中央国家机关及所属事业单位职业年金计划第一笔缴费已划入中国人寿养老保险股份有限公司担任受托人的壹号计划受托财产账户。', '天天基金', '', '2019-03-01 13:44:00', '2019-03-01 13:44:00'),
(116, 'news_finance', 6, '手持30万现金，选择买房还是存进银行？10年以后谁哭谁笑？', 'http://toutiao.com/group/6660103858292785678/', '房价涨跌可能在很大一部分专家眼中只是一件小事儿，反正谁买都是买。做房产久了以后，知书就经常碰到一些两难的选择，比如当下，很多人都说房价不涨其实就是跌，反正买房子就是个大坑，把所有的生活寄托在房产上，愚蠢。', '房价涨跌可能在很大一部分专家眼中只是一件小事儿，反正谁买都是买。做房产久了以后，知书就经常碰到一些两难的选择，比如当下，很多人都说房价不涨其实就是跌，反正买房子就是个大坑，把所有的生活寄托在房产上，愚蠢。', '郑州楼讯', '', '2019-03-01 13:44:00', '2019-03-01 13:44:00'),
(117, 'news_military', 7, '歼15战机停满甲板！辽宁舰亮出这一阵型后 美军直呼小看中国了', 'http://toutiao.com/group/6663242993799004680/', '自国产航母“辽宁号”服役开始，解放军如何选择舰载机，就一直是无数国人关注的焦点。而2009年首飞的，由我国自主研制的歼-15“飞鲨”舰载战斗机，则给了我们一个明确的答案。', '自国产航母“辽宁号”服役开始，解放军如何选择舰载机，就一直是无数国人关注的焦点。而2009年首飞的，由我国自主研制的歼-15“飞鲨”舰载战斗机，则给了我们一个明确的答案。', '诸葛小兵兵', '', '2019-03-01 13:47:29', '2019-03-01 13:47:29'),
(118, 'news_military', 7, '一个服役期满12年的士官，退役后可以拿到多少国家的补贴？', 'http://toutiao.com/group/6641729774093861389/', '我们参加工作，获得收入，这就是劳动报酬，也就是我们所说的工资。不同的工作，工资待遇不同。对于军人而言，他们为国家服务，保家卫国，在部队期间享受国家的供给，每个月还会有津贴，并且在退出现役后，还会享受到国家的退役补贴。', '我们参加工作，获得收入，这就是劳动报酬，也就是我们所说的工资。不同的工作，工资待遇不同。对于军人而言，他们为国家服务，保家卫国，在部队期间享受国家的供给，每个月还会有津贴，并且在退出现役后，还会享受到国家的退役补贴。', '天下有警', '', '2019-03-01 13:47:29', '2019-03-01 13:47:29'),
(119, 'news_military', 7, '退役军人优待证就要来了：不仅拿在手中，更要放在心里', 'http://toutiao.com/group/6663249276216279559/', '”曾经的中国人民解放军总司令、时任全国人大委员长的他一语作答：“一名合格老兵足矣！中国人民解放军从建立至今，不同发展时期，陆续有许多官兵退出现役，他们有一个共同的名字：老兵。', '”曾经的中国人民解放军总司令、时任全国人大委员长的他一语作答：“一名合格老兵足矣！中国人民解放军从建立至今，不同发展时期，陆续有许多官兵退出现役，他们有一个共同的名字：老兵。', '南阳政法', '', '2019-03-01 13:47:29', '2019-03-01 13:47:29'),
(120, 'news_military', 7, '刚刚，国防部宣布一个大消息！', 'http://mp.weixin.qq.com/s?src=11&timestamp=1551352662&ver=1456&signature=CJ0ZjqvZbb2cMRPcKjsynQ1e-NPqBYAR5LwCpNDr-liC4E2XahKu6gBn6SKqahJ0J7X99h4bsKdDT2a439kNrpc5EC28yllX*5p5XAnVmXN6xjHy8UqR89N7gz3GLUSx&new=1', '2019年2月国防部例行记者会于今天下午15时举行，国防部新闻局副局长、国防部新闻发言人任国强大校主持记者会。', '2019年2月国防部例行记者会于今天下午15时举行，国防部新闻局副局长、国防部新闻发言人任国强大校主持记者会。', '中国经济网新媒体', '', '2019-03-01 13:47:29', '2019-03-01 13:47:29'),
(121, 'news_military', 7, '96年台海危机揭秘：40艘美国军舰开进台湾海域……', 'http://toutiao.com/group/6652545186549203469/', '江泽民传》，以及其他媒体的文章，详细记录了此次台海危机发生的前后经过。美国突然允许李登辉“访美”1995年5月22日，美国突然宣布，克林顿总统决定允许李登辉于那年6月的第一周到美进行所谓“非官方的、私人的访问”。', '江泽民传》，以及其他媒体的文章，详细记录了此次台海危机发生的前后经过。美国突然允许李登辉“访美”1995年5月22日，美国突然宣布，克林顿总统决定允许李登辉于那年6月的第一周到美进行所谓“非官方的、私人的访问”。', '阎良区人民检察院', '', '2019-03-01 13:47:29', '2019-03-01 13:47:29'),
(122, 'news_military', 7, '退伍老兵容易忽视的三大补助，第一项不申请就没有！', 'http://toutiao.com/group/6659189416013070856/', ' 患慢性病的义务兵和初级士官退伍回乡生活困难的，可以向县级人民政府民政部门申请享受带病回乡退伍军人待遇，并提交以下材料：户口本；军队医院证明，具体是指退伍档案中记载患有慢性病的退伍军人登记表或在服役期间军队体系医院出具的患慢性病证明；近期从军队体系医院复印的盖有病历管理部门印章的', ' 患慢性病的义务兵和初级士官退伍回乡生活困难的，可以向县级人民政府民政部门申请享受带病回乡退伍军人待遇，并提交以下材料：户口本；军队医院证明，具体是指退伍档案中记载患有慢性病的退伍军人登记表或在服役期间军队体系医院出具的患慢性病证明；近期从军队体系医院复印的盖有病历管理部门印章的', '湖北中公军人考试', '', '2019-03-01 13:47:29', '2019-03-01 13:47:29'),
(123, 'news_military', 7, '毛主席发出的最后一道海军令', 'http://toutiao.com/group/6645167655886012936/', '本文摘自学苑出版社出版的《中国海军三部曲》之三《中国人民海军纪实-雄风》作者:黄传会 南海诸岛，自古即是中国领土。', '本文摘自学苑出版社出版的《中国海军三部曲》之三《中国人民海军纪实-雄风》作者:黄传会  南海诸岛，自古即是中国领土。', '莫邪青锋', '', '2019-03-01 13:47:29', '2019-03-01 13:47:29'),
(124, 'news_military', 7, '印巴打架，川航“遭殃”6小时天上转30多圈，落地人都绕晕了', 'http://toutiao.com/group/6663246890038985230/', '神话喵喵《军情晚报》为您收集最有意思，最具价值的军情新闻2月27日，巴基斯坦在巴控克什米尔上空击落两架印度战机。', '神话喵喵《军情晚报》为您收集最有意思，最具价值的军情新闻2月27日，巴基斯坦在巴控克什米尔上空击落两架印度战机。', '军武次位面', '[{\"height\":607,\"uri\":\"list/pgc-image/69d557eeb7674c2e9af62d6686db0c58\",\"url\":\"http://p9-tt.bytecdn.cn/list/300x196/pgc-image/69d557eeb7674c2e9af62d6686db0c58.webp\",\"url_list\":[{\"url\":\"http://p9-tt.bytecdn.cn/list/300x196/pgc-image/69d557eeb7674c2e9af62d6686db0c58.webp\"},{\"url\":\"http://p9-tt.bytecdn.cn/list/300x196/pgc-image/69d557eeb7674c2e9af62d6686db0c58.webp\"},{\"url\":\"http://p1-tt.bytecdn.cn/list/300x196/pgc-image/69d557eeb7674c2e9af62d6686db0c58.webp\"}],\"width\":1080},{\"height\":511,\"uri\":\"list/pgc-image/0b12fd194c96413d97059e5611d66e9c\",\"url\":\"http://p9-tt.bytecdn.cn/list/300x196/pgc-image/0b12fd194c96413d97059e5611d66e9c.webp\",\"url_list\":[{\"url\":\"http://p9-tt.bytecdn.cn/list/300x196/pgc-image/0b12fd194c96413d97059e5611d66e9c.webp\"},{\"url\":\"http://p3-tt.bytecdn.cn/list/300x196/pgc-image/0b12fd194c96413d97059e5611d66e9c.webp\"},{\"url\":\"http://p9-tt.bytecdn.cn/list/300x196/pgc-image/0b12fd194c96413d97059e5611d66e9c.webp\"}],\"width\":1000},{\"height\":377,\"uri\":\"list/pgc-image/c63358b2d94d4e8890e8001be226b7d4\",\"url\":\"http://p9-tt.bytecdn.cn/list/300x196/pgc-image/c63358b2d94d4e8890e8001be226b7d4.webp\",\"url_list\":[{\"url\":\"http://p9-tt.bytecdn.cn/list/300x196/pgc-image/c63358b2d94d4e8890e8001be226b7d4.webp\"},{\"url\":\"http://p1-tt.bytecdn.cn/list/300x196/pgc-image/c63358b2d94d4e8890e8001be226b7d4.webp\"},{\"url\":\"http://p6-tt.bytecdn.cn/list/300x196/pgc-image/c63358b2d94d4e8890e8001be226b7d4.webp\"}],\"width\":671}]', '2019-03-01 13:47:29', '2019-03-01 13:47:29'),
(125, 'news_military', 7, '歼20强还是F35强，一场激烈“较量”后，“空中枭雄”落败！', 'http://toutiao.com/group/6662880652204966403/', '”这两架飞机一架是我国的天之骄子，可以说一出生便有无数的荣光，另一架则是目前唯一一种已服役的舰载第五代战斗机。', '”这两架飞机一架是我国的天之骄子，可以说一出生便有无数的荣光，另一架则是目前唯一一种已服役的舰载第五代战斗机。', '经典军事', '[{\"height\":471,\"uri\":\"list/pgc-image/14ab614d0e964ab39845623a39460287\",\"url\":\"http://p6-tt.bytecdn.cn/list/300x196/pgc-image/14ab614d0e964ab39845623a39460287.webp\",\"url_list\":[{\"url\":\"http://p6-tt.bytecdn.cn/list/300x196/pgc-image/14ab614d0e964ab39845623a39460287.webp\"},{\"url\":\"http://p1-tt.bytecdn.cn/list/300x196/pgc-image/14ab614d0e964ab39845623a39460287.webp\"},{\"url\":\"http://p6-tt.bytecdn.cn/list/300x196/pgc-image/14ab614d0e964ab39845623a39460287.webp\"}],\"width\":838},{\"height\":325,\"uri\":\"list/pgc-image/09dff24d5d7940cb85e347d310030bc8\",\"url\":\"http://p9-tt.bytecdn.cn/list/300x196/pgc-image/09dff24d5d7940cb85e347d310030bc8.webp\",\"url_list\":[{\"url\":\"http://p9-tt.bytecdn.cn/list/300x196/pgc-image/09dff24d5d7940cb85e347d310030bc8.webp\"},{\"url\":\"http://p3-tt.bytecdn.cn/list/300x196/pgc-image/09dff24d5d7940cb85e347d310030bc8.webp\"},{\"url\":\"http://p6-tt.bytecdn.cn/list/300x196/pgc-image/09dff24d5d7940cb85e347d310030bc8.webp\"}],\"width\":595},{\"height\":387,\"uri\":\"list/pgc-image/ddfa60f7dc3c44b7b9130d1dcb7d830b\",\"url\":\"http://p1-tt.bytecdn.cn/list/300x196/pgc-image/ddfa60f7dc3c44b7b9130d1dcb7d830b.webp\",\"url_list\":[{\"url\":\"http://p1-tt.bytecdn.cn/list/300x196/pgc-image/ddfa60f7dc3c44b7b9130d1dcb7d830b.webp\"},{\"url\":\"http://p1-tt.bytecdn.cn/list/300x196/pgc-image/ddfa60f7dc3c44b7b9130d1dcb7d830b.webp\"},{\"url\":\"http://p9-tt.bytecdn.cn/list/300x196/pgc-image/ddfa60f7dc3c44b7b9130d1dcb7d830b.webp\"}],\"width\":767}]', '2019-03-01 13:47:29', '2019-03-01 13:47:29'),
(126, 'news_military', 7, '海南岛战役', 'http://toutiao.com/group/6643214221859357188/', '1950年3~4月，中国人民解放军第四野战军第15兵团部指挥两个军。岛上国民党军为海南防卫总司令部薛岳所部，有陆军5个军；海军1个舰队、1个陆战团，舰艇50余艘；空军4个大队，飞机约40架，总兵力10万余人，组成“立体防御”，企图凭险固守，把海南岛当作反攻大陆的基地。', '1950年3~4月，中国人民解放军第四野战军第15兵团部指挥两个军。岛上国民党军为海南防卫总司令部薛岳所部，有陆军5个军；海军1个舰队、1个陆战团，舰艇50余艘；空军4个大队，飞机约40架，总兵力10万余人，组成“立体防御”，企图凭险固守，把海南岛当作反攻大陆的基地。', '最美平邑', '[{\"height\":104,\"uri\":\"list/pgc-image/9ed26d00ca0c4047acb2e0ed43b47346\",\"url\":\"http://p3-tt.bytecdn.cn/list/300x196/pgc-image/9ed26d00ca0c4047acb2e0ed43b47346.webp\",\"url_list\":[{\"url\":\"http://p3-tt.bytecdn.cn/list/300x196/pgc-image/9ed26d00ca0c4047acb2e0ed43b47346.webp\"},{\"url\":\"http://p1-tt.bytecdn.cn/list/300x196/pgc-image/9ed26d00ca0c4047acb2e0ed43b47346.webp\"},{\"url\":\"http://p9-tt.bytecdn.cn/list/300x196/pgc-image/9ed26d00ca0c4047acb2e0ed43b47346.webp\"}],\"width\":186},{\"height\":123,\"uri\":\"list/pgc-image/bbeeced5dac449d8bbf41ab86cd485ca\",\"url\":\"http://p9-tt.bytecdn.cn/list/300x196/pgc-image/bbeeced5dac449d8bbf41ab86cd485ca.webp\",\"url_list\":[{\"url\":\"http://p9-tt.bytecdn.cn/list/300x196/pgc-image/bbeeced5dac449d8bbf41ab86cd485ca.webp\"},{\"url\":\"http://p6-tt.bytecdn.cn/list/300x196/pgc-image/bbeeced5dac449d8bbf41ab86cd485ca.webp\"},{\"url\":\"http://p6-tt.bytecdn.cn/list/300x196/pgc-image/bbeeced5dac449d8bbf41ab86cd485ca.webp\"}],\"width\":220},{\"height\":123,\"uri\":\"list/pgc-image/c5788a512e524e148202801902186331\",\"url\":\"http://p1-tt.bytecdn.cn/list/300x196/pgc-image/c5788a512e524e148202801902186331.webp\",\"url_list\":[{\"url\":\"http://p1-tt.bytecdn.cn/list/300x196/pgc-image/c5788a512e524e148202801902186331.webp\"},{\"url\":\"http://p1-tt.bytecdn.cn/list/300x196/pgc-image/c5788a512e524e148202801902186331.webp\"},{\"url\":\"http://p6-tt.bytecdn.cn/list/300x196/pgc-image/c5788a512e524e148202801902186331.webp\"}],\"width\":220}]', '2019-03-01 13:47:29', '2019-03-01 13:47:29'),
(127, 'news_military', 7, '125名战士零下40度冻成冰雕，一枪未开却让美军敬佩万分', 'http://toutiao.com/group/6642977724497396232/', '美军南逃沿途曾被这样的情景震惊：一排排志愿军战士俯卧在摄氏零下40度的阵地上，手握钢枪、手榴弹，保持着整齐的战斗队形和战斗姿态，仿佛是跃然而起的“冰雕”群像。', '美军南逃沿途曾被这样的情景震惊：一排排志愿军战士俯卧在摄氏零下40度的阵地上，手握钢枪、手榴弹，保持着整齐的战斗队形和战斗姿态，仿佛是跃然而起的“冰雕”群像。', '大同政法', '[{\"height\":164,\"uri\":\"list/pgc-image/38f9a7731b604ff3af4f22ff14bf4994\",\"url\":\"http://p6-tt.bytecdn.cn/list/300x196/pgc-image/38f9a7731b604ff3af4f22ff14bf4994.webp\",\"url_list\":[{\"url\":\"http://p6-tt.bytecdn.cn/list/300x196/pgc-image/38f9a7731b604ff3af4f22ff14bf4994.webp\"},{\"url\":\"http://p1-tt.bytecdn.cn/list/300x196/pgc-image/38f9a7731b604ff3af4f22ff14bf4994.webp\"},{\"url\":\"http://p1-tt.bytecdn.cn/list/300x196/pgc-image/38f9a7731b604ff3af4f22ff14bf4994.webp\"}],\"width\":293},{\"height\":280,\"uri\":\"list/pgc-image/4ecabe05efb048868370f98a59770dfa\",\"url\":\"http://p9-tt.bytecdn.cn/list/300x196/pgc-image/4ecabe05efb048868370f98a59770dfa.webp\",\"url_list\":[{\"url\":\"http://p9-tt.bytecdn.cn/list/300x196/pgc-image/4ecabe05efb048868370f98a59770dfa.webp\"},{\"url\":\"http://p6-tt.bytecdn.cn/list/300x196/pgc-image/4ecabe05efb048868370f98a59770dfa.webp\"},{\"url\":\"http://p6-tt.bytecdn.cn/list/300x196/pgc-image/4ecabe05efb048868370f98a59770dfa.webp\"}],\"width\":498},{\"height\":243,\"uri\":\"list/pgc-image/636243b0a3dc495ea46f6cf2a31505e9\",\"url\":\"http://p1-tt.bytecdn.cn/list/300x196/pgc-image/636243b0a3dc495ea46f6cf2a31505e9.webp\",\"url_list\":[{\"url\":\"http://p1-tt.bytecdn.cn/list/300x196/pgc-image/636243b0a3dc495ea46f6cf2a31505e9.webp\"},{\"url\":\"http://p3-tt.bytecdn.cn/list/300x196/pgc-image/636243b0a3dc495ea46f6cf2a31505e9.webp\"},{\"url\":\"http://p9-tt.bytecdn.cn/list/300x196/pgc-image/636243b0a3dc495ea46f6cf2a31505e9.webp\"}],\"width\":549}]', '2019-03-01 13:47:29', '2019-03-01 13:47:29'),
(128, 'news_military', 7, '新疆反恐现场激战视频，他们是真正的英雄', 'http://toutiao.com/group/6631088172874875399/', '新疆反恐现场激战视频，他们是真正的英雄', '新疆反恐现场激战视频，他们是真正的英雄', '央视军事', '', '2019-03-01 13:47:29', '2019-03-01 13:47:29'),
(129, 'news_military', 7, '印巴冲突升级，中国军队是否会采取措施？国防部回应', 'https://m.haiwainet.cn/ttc/3541083/2019/0228/content_31505864_1.html', '2月28日下午，国防部新闻局副局长、发言人任国强召开国防部例行记者会，就近期热点问题答记者问。对于当前印巴冲突，我们认为当务之急是双方都应保持克制，通过对话协商妥善处理有关问题，采取有力措施防止冲突进一步升级。', '2月28日下午，国防部新闻局副局长、发言人任国强召开国防部例行记者会，就近期热点问题答记者问。对于当前印巴冲突，我们认为当务之急是双方都应保持克制，通过对话协商妥善处理有关问题，采取有力措施防止冲突进一步升级。', '海外网', '', '2019-03-01 13:47:29', '2019-03-01 13:47:29'),
(130, 'news_military', 7, '为何船员宁愿渴死也不喝海水？看海水煮干后的残留物你就明白了', 'http://toutiao.com/group/6656434901878833668/', '在舰艇人员的救生口粮中往往会准备上一罐纯净水，很多人会感到好奇，为什么还要给他们配备饮用水，占用空间不说。他们就在大海上，口渴的时候喝海水不就好了吗？这个时候有经验的水手会告诉你，在海上遇险，宁愿渴死也不要喝海水。', '在舰艇人员的救生口粮中往往会准备上一罐纯净水，很多人会感到好奇，为什么还要给他们配备饮用水，占用空间不说。他们就在大海上，口渴的时候喝海水不就好了吗？这个时候有经验的水手会告诉你，在海上遇险，宁愿渴死也不要喝海水。', '天下有警视频', '', '2019-03-01 13:47:29', '2019-03-01 13:47:29'),
(131, 'news_military', 7, '为何战场上装死的最后都成了真死，只有向前冲锋活下来可能性最大', 'http://toutiao.com/group/6645432862143152644/', '：风满楼《军情晚报》为您收集最有意思，最具价值的军情新闻哒!最著名的是在朝鲜战场上，长津湖战役中，志愿军在冒着零下40多度的极寒天气下跨过冰层积雪和炮火硝烟，依然拼死向前冲，从不畏惧，被美军认为“原木在移动”，吓破了美军的胆。', '：风满楼《军情晚报》为您收集最有意思，最具价值的军情新闻哒!最著名的是在朝鲜战场上，长津湖战役中，志愿军在冒着零下40多度的极寒天气下跨过冰层积雪和炮火硝烟，依然拼死向前冲，从不畏惧，被美军认为“原木在移动”，吓破了美军的胆。', '军武次位面', '', '2019-03-01 13:47:29', '2019-03-01 13:47:29'),
(132, 'news_military', 7, '解放军军装前有一根“黄绳子”，有什么好处？或许有一点你没想到', 'http://toutiao.com/group/6662172751224111627/', '我们从很多影视剧中都可以看到身着军装保家卫国的英雄军人，很多人都以身着军装而感到自豪，为此军装也是一种荣誉的代表。我国的军装发展到现在也并不是一成不变，一直在随着时代发展而不断改善的，到现在为止已经更换了好几次。', '我们从很多影视剧中都可以看到身着军装保家卫国的英雄军人，很多人都以身着军装而感到自豪，为此军装也是一种荣誉的代表。我国的军装发展到现在也并不是一成不变，一直在随着时代发展而不断改善的，到现在为止已经更换了好几次。', '米尔军事', '[{\"height\":393,\"uri\":\"list/pgc-image/fa3e2f1b73714a8995eeded703d58c03\",\"url\":\"http://p6-tt.bytecdn.cn/list/300x196/pgc-image/fa3e2f1b73714a8995eeded703d58c03.webp\",\"url_list\":[{\"url\":\"http://p6-tt.bytecdn.cn/list/300x196/pgc-image/fa3e2f1b73714a8995eeded703d58c03.webp\"},{\"url\":\"http://p6-tt.bytecdn.cn/list/300x196/pgc-image/fa3e2f1b73714a8995eeded703d58c03.webp\"},{\"url\":\"http://p9-tt.bytecdn.cn/list/300x196/pgc-image/fa3e2f1b73714a8995eeded703d58c03.webp\"}],\"width\":700},{\"height\":481,\"uri\":\"list/pgc-image/d58fd67144ad44f28e4c49ab585fb6c0\",\"url\":\"http://p3-tt.bytecdn.cn/list/300x196/pgc-image/d58fd67144ad44f28e4c49ab585fb6c0.webp\",\"url_list\":[{\"url\":\"http://p3-tt.bytecdn.cn/list/300x196/pgc-image/d58fd67144ad44f28e4c49ab585fb6c0.webp\"},{\"url\":\"http://p1-tt.bytecdn.cn/list/300x196/pgc-image/d58fd67144ad44f28e4c49ab585fb6c0.webp\"},{\"url\":\"http://p1-tt.bytecdn.cn/list/300x196/pgc-image/d58fd67144ad44f28e4c49ab585fb6c0.webp\"}],\"width\":856},{\"height\":393,\"uri\":\"list/pgc-image/806a5743390b4413a8a9466e181132c2\",\"url\":\"http://p1-tt.bytecdn.cn/list/300x196/pgc-image/806a5743390b4413a8a9466e181132c2.webp\",\"url_list\":[{\"url\":\"http://p1-tt.bytecdn.cn/list/300x196/pgc-image/806a5743390b4413a8a9466e181132c2.webp\"},{\"url\":\"http://p3-tt.bytecdn.cn/list/300x196/pgc-image/806a5743390b4413a8a9466e181132c2.webp\"},{\"url\":\"http://p9-tt.bytecdn.cn/list/300x196/pgc-image/806a5743390b4413a8a9466e181132c2.webp\"}],\"width\":700}]', '2019-03-01 13:47:29', '2019-03-01 13:47:29'),
(133, 'news_military', 7, '我国一艘潜艇，失踪十天才找到，七十名士兵2分钟内全部逝去', 'http://toutiao.com/group/6639498244546101767/', '潜艇也被称为航母杀手。', '潜艇也被称为航母杀手。', '戎马军师', '', '2019-03-01 13:47:29', '2019-03-01 13:47:29'),
(134, 'news_military', 7, '中国云南藏有稀缺宝藏，具备极高战略价值，美日正想尽办法获取', 'http://toutiao.com/group/6643591335896941070/', '曾有相关专家表示，金属铟作为一类关乎国家安全的战略型稀缺资源。同其他材料结合后，通常会显著改善材料原本的性能，世界各大军事强国都对此有着迫切需求。', '曾有相关专家表示，金属铟作为一类关乎国家安全的战略型稀缺资源。同其他材料结合后，通常会显著改善材料原本的性能，世界各大军事强国都对此有着迫切需求。', '军迷圈', '[{\"height\":2080,\"uri\":\"list/pgc-image/2f43d9719c234fc5933bdc51db7d2e55\",\"url\":\"http://p1-tt.bytecdn.cn/list/300x196/pgc-image/2f43d9719c234fc5933bdc51db7d2e55.webp\",\"url_list\":[{\"url\":\"http://p1-tt.bytecdn.cn/list/300x196/pgc-image/2f43d9719c234fc5933bdc51db7d2e55.webp\"},{\"url\":\"http://p9-tt.bytecdn.cn/list/300x196/pgc-image/2f43d9719c234fc5933bdc51db7d2e55.webp\"},{\"url\":\"http://p6-tt.bytecdn.cn/list/300x196/pgc-image/2f43d9719c234fc5933bdc51db7d2e55.webp\"}],\"width\":3699},{\"height\":1283,\"uri\":\"list/pgc-image/9dd888bcfe634c6ba85bcf7796f09884\",\"url\":\"http://p3-tt.bytecdn.cn/list/300x196/pgc-image/9dd888bcfe634c6ba85bcf7796f09884.webp\",\"url_list\":[{\"url\":\"http://p3-tt.bytecdn.cn/list/300x196/pgc-image/9dd888bcfe634c6ba85bcf7796f09884.webp\"},{\"url\":\"http://p6-tt.bytecdn.cn/list/300x196/pgc-image/9dd888bcfe634c6ba85bcf7796f09884.webp\"},{\"url\":\"http://p6-tt.bytecdn.cn/list/300x196/pgc-image/9dd888bcfe634c6ba85bcf7796f09884.webp\"}],\"width\":2282},{\"height\":1152,\"uri\":\"list/pgc-image/fa5f4d2bac0641bfaf58b776b78b2cd3\",\"url\":\"http://p3-tt.bytecdn.cn/list/300x196/pgc-image/fa5f4d2bac0641bfaf58b776b78b2cd3.webp\",\"url_list\":[{\"url\":\"http://p3-tt.bytecdn.cn/list/300x196/pgc-image/fa5f4d2bac0641bfaf58b776b78b2cd3.webp\"},{\"url\":\"http://p1-tt.bytecdn.cn/list/300x196/pgc-image/fa5f4d2bac0641bfaf58b776b78b2cd3.webp\"},{\"url\":\"http://p3-tt.bytecdn.cn/list/300x196/pgc-image/fa5f4d2bac0641bfaf58b776b78b2cd3.webp\"}],\"width\":2048}]', '2019-03-01 13:47:29', '2019-03-01 13:47:29'),
(135, 'news_military', 7, '中国版的“撞击舰”来了？撞谁谁沉', 'http://toutiao.com/group/6646632329479455239/', '海上军舰撞击事件在各国历史上可谓屡见不鲜，较为著名的是1988年2月发生的苏联军舰对进入本国领海的美舰实施了“我舰奉命撞击你舰”的事件。', '海上军舰撞击事件在各国历史上可谓屡见不鲜，较为著名的是1988年2月发生的苏联军舰对进入本国领海的美舰实施了“我舰奉命撞击你舰”的事件。', '广州反邪', '[{\"height\":526,\"uri\":\"list/pgc-image/76831182959744e3941e85d01478dccb\",\"url\":\"http://p6-tt.bytecdn.cn/list/300x196/pgc-image/76831182959744e3941e85d01478dccb.webp\",\"url_list\":[{\"url\":\"http://p6-tt.bytecdn.cn/list/300x196/pgc-image/76831182959744e3941e85d01478dccb.webp\"},{\"url\":\"http://p3-tt.bytecdn.cn/list/300x196/pgc-image/76831182959744e3941e85d01478dccb.webp\"},{\"url\":\"http://p1-tt.bytecdn.cn/list/300x196/pgc-image/76831182959744e3941e85d01478dccb.webp\"}],\"width\":936},{\"height\":362,\"uri\":\"list/pgc-image/0cb0cb7629b24a20baaffdfdcc97e776\",\"url\":\"http://p1-tt.bytecdn.cn/list/300x196/pgc-image/0cb0cb7629b24a20baaffdfdcc97e776.webp\",\"url_list\":[{\"url\":\"http://p1-tt.bytecdn.cn/list/300x196/pgc-image/0cb0cb7629b24a20baaffdfdcc97e776.webp\"},{\"url\":\"http://p6-tt.bytecdn.cn/list/300x196/pgc-image/0cb0cb7629b24a20baaffdfdcc97e776.webp\"},{\"url\":\"http://p1-tt.bytecdn.cn/list/300x196/pgc-image/0cb0cb7629b24a20baaffdfdcc97e776.webp\"}],\"width\":894},{\"height\":480,\"uri\":\"list/pgc-image/3e173794f4804fa6a40b606660441620\",\"url\":\"http://p3-tt.bytecdn.cn/list/300x196/pgc-image/3e173794f4804fa6a40b606660441620.webp\",\"url_list\":[{\"url\":\"http://p3-tt.bytecdn.cn/list/300x196/pgc-image/3e173794f4804fa6a40b606660441620.webp\"},{\"url\":\"http://p3-tt.bytecdn.cn/list/300x196/pgc-image/3e173794f4804fa6a40b606660441620.webp\"},{\"url\":\"http://p6-tt.bytecdn.cn/list/300x196/pgc-image/3e173794f4804fa6a40b606660441620.webp\"}],\"width\":899}]', '2019-03-01 13:47:29', '2019-03-01 13:47:29'),
(136, 'news_military', 7, '辽宁号大修，002航母海试，我国无航母可用：5年后奇迹将发生', 'http://toutiao.com/group/6640246625711161863/', '我国的航母之路虽然在最初走的相当艰辛，但是自从辽宁号出现之后，我国在航母这一领域就如同开了挂一样，日新月异，辽宁号很快形成了战斗力。', '我国的航母之路虽然在最初走的相当艰辛，但是自从辽宁号出现之后，我国在航母这一领域就如同开了挂一样，日新月异，辽宁号很快形成了战斗力。', '环球火力点', '[{\"height\":1152,\"uri\":\"list/pgc-image/b11d1525be6341a284bfbce5f94fd81c\",\"url\":\"http://p6-tt.bytecdn.cn/list/300x196/pgc-image/b11d1525be6341a284bfbce5f94fd81c.webp\",\"url_list\":[{\"url\":\"http://p6-tt.bytecdn.cn/list/300x196/pgc-image/b11d1525be6341a284bfbce5f94fd81c.webp\"},{\"url\":\"http://p9-tt.bytecdn.cn/list/300x196/pgc-image/b11d1525be6341a284bfbce5f94fd81c.webp\"},{\"url\":\"http://p9-tt.bytecdn.cn/list/300x196/pgc-image/b11d1525be6341a284bfbce5f94fd81c.webp\"}],\"width\":2048},{\"height\":756,\"uri\":\"list/pgc-image/1010d286954740f68f8e848fa65fc90e\",\"url\":\"http://p1-tt.bytecdn.cn/list/300x196/pgc-image/1010d286954740f68f8e848fa65fc90e.webp\",\"url_list\":[{\"url\":\"http://p1-tt.bytecdn.cn/list/300x196/pgc-image/1010d286954740f68f8e848fa65fc90e.webp\"},{\"url\":\"http://p6-tt.bytecdn.cn/list/300x196/pgc-image/1010d286954740f68f8e848fa65fc90e.webp\"},{\"url\":\"http://p1-tt.bytecdn.cn/list/300x196/pgc-image/1010d286954740f68f8e848fa65fc90e.webp\"}],\"width\":1344},{\"height\":720,\"uri\":\"list/pgc-image/e3011d4163c34d988ee8f3f74c5de4fc\",\"url\":\"http://p9-tt.bytecdn.cn/list/300x196/pgc-image/e3011d4163c34d988ee8f3f74c5de4fc.webp\",\"url_list\":[{\"url\":\"http://p9-tt.bytecdn.cn/list/300x196/pgc-image/e3011d4163c34d988ee8f3f74c5de4fc.webp\"},{\"url\":\"http://p6-tt.bytecdn.cn/list/300x196/pgc-image/e3011d4163c34d988ee8f3f74c5de4fc.webp\"},{\"url\":\"http://p3-tt.bytecdn.cn/list/300x196/pgc-image/e3011d4163c34d988ee8f3f74c5de4fc.webp\"}],\"width\":1419}]', '2019-03-01 13:47:29', '2019-03-01 13:47:29'),
(137, 'news_world', 8, '巴西已加入澳大利亚向WTO投诉印度糖补贴', 'http://www.ncpqh.com/news/getDetail?id=479166', '世界食糖主产国巴西已加入澳大利亚向世界贸易组织投诉印度的食糖补贴政策。澳大利亚贸易部长SimonBirmingham表示，印度补贴政策损害了澳大利亚、巴西及其他国家蔗农与糖厂主的利益。', '世界食糖主产国巴西已加入澳大利亚向世界贸易组织投诉印度的食糖补贴政策。澳大利亚贸易部长SimonBirmingham表示，印度补贴政策损害了澳大利亚、巴西及其他国家蔗农与糖厂主的利益。', '布瑞克农业数据', '', '2019-03-01 13:47:45', '2019-03-01 13:47:45'),
(138, 'news_world', 8, '全球最“不要脸”国家，有困难时中国全力帮助，现在却视中国为敌', 'http://toutiao.com/group/6661829103756247564/', '世界之大无奇不有每天为您分享新奇事物大家好。欢迎收看本期内容我是奇奇中国在外交上面一直是都奉行维护世界和平宗旨来行事的巴基斯坦这个国家都在我们的援助之下和我们成了非常要好的铁哥们但是并非所有的善意都能够得到合理的回报在这个世界上有这样的一个国家——阿尔巴尼亚我们在援助上面从来没有', '世界之大无奇不有每天为您分享新奇事物大家好。欢迎收看本期内容我是奇奇中国在外交上面一直是都奉行维护世界和平宗旨来行事的巴基斯坦这个国家都在我们的援助之下和我们成了非常要好的铁哥们但是并非所有的善意都能够得到合理的回报在这个世界上有这样的一个国家——阿尔巴尼亚我们在援助上面从来没有', '小金刚艺塑', '[{\"height\":575,\"uri\":\"list/dfic-imagehandler/de1f8d20-e8a6-4cf0-8623-a48398f0cd5d\",\"url\":\"http://p6-tt.bytecdn.cn/list/300x196/dfic-imagehandler/de1f8d20-e8a6-4cf0-8623-a48398f0cd5d.webp\",\"url_list\":[{\"url\":\"http://p6-tt.bytecdn.cn/list/300x196/dfic-imagehandler/de1f8d20-e8a6-4cf0-8623-a48398f0cd5d.webp\"},{\"url\":\"http://p6-tt.bytecdn.cn/list/300x196/dfic-imagehandler/de1f8d20-e8a6-4cf0-8623-a48398f0cd5d.webp\"},{\"url\":\"http://p3-tt.bytecdn.cn/list/300x196/dfic-imagehandler/de1f8d20-e8a6-4cf0-8623-a48398f0cd5d.webp\"}],\"width\":1023},{\"height\":575,\"uri\":\"list/dfic-imagehandler/294a16e9-210c-4e3f-856d-2be1cf0f9655\",\"url\":\"http://p1-tt.bytecdn.cn/list/300x196/dfic-imagehandler/294a16e9-210c-4e3f-856d-2be1cf0f9655.webp\",\"url_list\":[{\"url\":\"http://p1-tt.bytecdn.cn/list/300x196/dfic-imagehandler/294a16e9-210c-4e3f-856d-2be1cf0f9655.webp\"},{\"url\":\"http://p6-tt.bytecdn.cn/list/300x196/dfic-imagehandler/294a16e9-210c-4e3f-856d-2be1cf0f9655.webp\"},{\"url\":\"http://p6-tt.bytecdn.cn/list/300x196/dfic-imagehandler/294a16e9-210c-4e3f-856d-2be1cf0f9655.webp\"}],\"width\":1023},{\"height\":675,\"uri\":\"list/dfic-imagehandler/8a3f92c9-72e9-4d55-86c9-87a91f001210\",\"url\":\"http://p3-tt.bytecdn.cn/list/300x196/dfic-imagehandler/8a3f92c9-72e9-4d55-86c9-87a91f001210.webp\",\"url_list\":[{\"url\":\"http://p3-tt.bytecdn.cn/list/300x196/dfic-imagehandler/8a3f92c9-72e9-4d55-86c9-87a91f001210.webp\"},{\"url\":\"http://p1-tt.bytecdn.cn/list/300x196/dfic-imagehandler/8a3f92c9-72e9-4d55-86c9-87a91f001210.webp\"},{\"url\":\"http://p6-tt.bytecdn.cn/list/300x196/dfic-imagehandler/8a3f92c9-72e9-4d55-86c9-87a91f001210.webp\"}],\"width\":1200}]', '2019-03-01 13:47:45', '2019-03-01 13:47:45'),
(139, 'news_world', 8, '长相最像中国人的国家，面积比蒙古国大一倍，相当于31个韩国！', 'http://m.gmw.cn/toutiao/2018-12/28/content_121958165.htm', '在全球人中排行中，黄种人仅次于白种人，占到全球37%的人口。在所有黄种人国家当中，人口最多且面积最大的国家自然是我们中国了，而黄种人数量第二的国家就是日本，那么在黄种人国家当中，面积第二大的国家是谁呢。', '在全球人中排行中，黄种人仅次于白种人，占到全球37%的人口。在所有黄种人国家当中，人口最多且面积最大的国家自然是我们中国了，而黄种人数量第二的国家就是日本，那么在黄种人国家当中，面积第二大的国家是谁呢。', '光明网', '[{\"height\":339,\"uri\":\"list/pgc-image/RDU6C44BpV8xTB\",\"url\":\"http://p6-tt.bytecdn.cn/list/300x196/pgc-image/RDU6C44BpV8xTB.webp\",\"url_list\":[{\"url\":\"http://p6-tt.bytecdn.cn/list/300x196/pgc-image/RDU6C44BpV8xTB.webp\"},{\"url\":\"http://p1-tt.bytecdn.cn/list/300x196/pgc-image/RDU6C44BpV8xTB.webp\"},{\"url\":\"http://p3-tt.bytecdn.cn/list/300x196/pgc-image/RDU6C44BpV8xTB.webp\"}],\"width\":613},{\"height\":371,\"uri\":\"list/pgc-image/RDU6C4QAja5ffy\",\"url\":\"http://p6-tt.bytecdn.cn/list/300x196/pgc-image/RDU6C4QAja5ffy.webp\",\"url_list\":[{\"url\":\"http://p6-tt.bytecdn.cn/list/300x196/pgc-image/RDU6C4QAja5ffy.webp\"},{\"url\":\"http://p9-tt.bytecdn.cn/list/300x196/pgc-image/RDU6C4QAja5ffy.webp\"},{\"url\":\"http://p6-tt.bytecdn.cn/list/300x196/pgc-image/RDU6C4QAja5ffy.webp\"}],\"width\":660},{\"height\":367,\"uri\":\"list/pgc-image/RDU6C4h5koXxmA\",\"url\":\"http://p6-tt.bytecdn.cn/list/300x196/pgc-image/RDU6C4h5koXxmA.webp\",\"url_list\":[{\"url\":\"http://p6-tt.bytecdn.cn/list/300x196/pgc-image/RDU6C4h5koXxmA.webp\"},{\"url\":\"http://p6-tt.bytecdn.cn/list/300x196/pgc-image/RDU6C4h5koXxmA.webp\"},{\"url\":\"http://p1-tt.bytecdn.cn/list/300x196/pgc-image/RDU6C4h5koXxmA.webp\"}],\"width\":654}]', '2019-03-01 13:47:45', '2019-03-01 13:47:45'),
(140, 'news_world', 8, '朝鲜凌晨公布“谈崩”原因：并非如特朗普所说', 'http://toutiao.com/group/6663247230482252299/', '昨天万众期待的“金特会”，双方未能如期签署任何文件。而在特朗普当天将峰会的破裂归因于朝鲜后，3月1日凌晨，朝鲜突然召开发布会，给出了与美方不同的说法。', '昨天万众期待的“金特会”，双方未能如期签署任何文件。而在特朗普当天将峰会的破裂归因于朝鲜后，3月1日凌晨，朝鲜突然召开发布会，给出了与美方不同的说法。', '生活报', '', '2019-03-01 13:47:45', '2019-03-01 13:47:45'),
(141, 'news_world', 8, '唯一禁止女性外嫁的国家：美女如云对中国免签，想结婚就得倒插门', 'http://toutiao.com/group/6651936172668879372/', '尤其是俄罗斯的美女最让人印象深刻，姣好的面容，完美的身材，看起来简直就是古希腊时期雕刻出来的完美女性，不过令人遗憾的却是很多人表示俄罗斯美女的保鲜期太短，自然我也没有看到过也不好做太多评价，但是今天的主角并不是俄罗斯而是与它有一字之差的白俄罗斯。', '尤其是俄罗斯的美女最让人印象深刻，姣好的面容，完美的身材，看起来简直就是古希腊时期雕刻出来的完美女性，不过令人遗憾的却是很多人表示俄罗斯美女的保鲜期太短，自然我也没有看到过也不好做太多评价，但是今天的主角并不是俄罗斯而是与它有一字之差的白俄罗斯。', '一只之旅行', '[{\"height\":633,\"uri\":\"list/pgc-image/aada63791eb64f8294e1736c78ff003b\",\"url\":\"http://p6-tt.bytecdn.cn/list/300x196/pgc-image/aada63791eb64f8294e1736c78ff003b.webp\",\"url_list\":[{\"url\":\"http://p6-tt.bytecdn.cn/list/300x196/pgc-image/aada63791eb64f8294e1736c78ff003b.webp\"},{\"url\":\"http://p3-tt.bytecdn.cn/list/300x196/pgc-image/aada63791eb64f8294e1736c78ff003b.webp\"},{\"url\":\"http://p9-tt.bytecdn.cn/list/300x196/pgc-image/aada63791eb64f8294e1736c78ff003b.webp\"}],\"width\":1126},{\"height\":624,\"uri\":\"list/pgc-image/82d29aef60b1484db3ba797ef5282cba\",\"url\":\"http://p3-tt.bytecdn.cn/list/300x196/pgc-image/82d29aef60b1484db3ba797ef5282cba.webp\",\"url_list\":[{\"url\":\"http://p3-tt.bytecdn.cn/list/300x196/pgc-image/82d29aef60b1484db3ba797ef5282cba.webp\"},{\"url\":\"http://p3-tt.bytecdn.cn/list/300x196/pgc-image/82d29aef60b1484db3ba797ef5282cba.webp\"},{\"url\":\"http://p9-tt.bytecdn.cn/list/300x196/pgc-image/82d29aef60b1484db3ba797ef5282cba.webp\"}],\"width\":1111},{\"height\":477,\"uri\":\"list/pgc-image/6352497620ef40a6a14e7397a61bae13\",\"url\":\"http://p3-tt.bytecdn.cn/list/300x196/pgc-image/6352497620ef40a6a14e7397a61bae13.webp\",\"url_list\":[{\"url\":\"http://p3-tt.bytecdn.cn/list/300x196/pgc-image/6352497620ef40a6a14e7397a61bae13.webp\"},{\"url\":\"http://p1-tt.bytecdn.cn/list/300x196/pgc-image/6352497620ef40a6a14e7397a61bae13.webp\"},{\"url\":\"http://p3-tt.bytecdn.cn/list/300x196/pgc-image/6352497620ef40a6a14e7397a61bae13.webp\"}],\"width\":848}]', '2019-03-01 13:47:45', '2019-03-01 13:47:45'),
(142, 'news_world', 8, '一个中国留学生的自白：我在加拿大怀孕自费生孩子的经历……', 'http://toutiao.com/group/6637306908757737997/', '大家都知道在加拿大这边可以享受免费医疗，可是前提是你得有健康卡。不管高中还是大学的学生也会有学校统一买的保险，去医院大部分还是可以找保险公司报销的。', '大家都知道在加拿大这边可以享受免费医疗，可是前提是你得有健康卡。不管高中还是大学的学生也会有学校统一买的保险，去医院大部分还是可以找保险公司报销的。', '加拿大家园', '', '2019-03-01 13:47:45', '2019-03-01 13:47:45'),
(143, 'news_world', 8, '美国明明是世界大国，为什么却欠了中国很多钱？可算是知道了', 'http://toutiao.com/group/6636653686334423566/', '这里有一件事情会让大家觉得十分惊奇，因为中国已成为了美国的债主，美国所借的金额并不小，有将近1万亿元。', '这里有一件事情会让大家觉得十分惊奇，因为中国已成为了美国的债主，美国所借的金额并不小，有将近1万亿元。', '山味道', '[{\"height\":454,\"uri\":\"list/pgc-image/5bcd4a31bab44c4eb4ec6cc2545da403\",\"url\":\"http://p1-tt.bytecdn.cn/list/300x196/pgc-image/5bcd4a31bab44c4eb4ec6cc2545da403.webp\",\"url_list\":[{\"url\":\"http://p1-tt.bytecdn.cn/list/300x196/pgc-image/5bcd4a31bab44c4eb4ec6cc2545da403.webp\"},{\"url\":\"http://p3-tt.bytecdn.cn/list/300x196/pgc-image/5bcd4a31bab44c4eb4ec6cc2545da403.webp\"},{\"url\":\"http://p9-tt.bytecdn.cn/list/300x196/pgc-image/5bcd4a31bab44c4eb4ec6cc2545da403.webp\"}],\"width\":896},{\"height\":483,\"uri\":\"list/pgc-image/b6be823aa14447d5a3d8849f5ae8c6b7\",\"url\":\"http://p3-tt.bytecdn.cn/list/300x196/pgc-image/b6be823aa14447d5a3d8849f5ae8c6b7.webp\",\"url_list\":[{\"url\":\"http://p3-tt.bytecdn.cn/list/300x196/pgc-image/b6be823aa14447d5a3d8849f5ae8c6b7.webp\"},{\"url\":\"http://p3-tt.bytecdn.cn/list/300x196/pgc-image/b6be823aa14447d5a3d8849f5ae8c6b7.webp\"},{\"url\":\"http://p9-tt.bytecdn.cn/list/300x196/pgc-image/b6be823aa14447d5a3d8849f5ae8c6b7.webp\"}],\"width\":889},{\"height\":441,\"uri\":\"list/pgc-image/c3aebd39bf9e4c2bb8e5a224c6ac09ac\",\"url\":\"http://p3-tt.bytecdn.cn/list/300x196/pgc-image/c3aebd39bf9e4c2bb8e5a224c6ac09ac.webp\",\"url_list\":[{\"url\":\"http://p3-tt.bytecdn.cn/list/300x196/pgc-image/c3aebd39bf9e4c2bb8e5a224c6ac09ac.webp\"},{\"url\":\"http://p3-tt.bytecdn.cn/list/300x196/pgc-image/c3aebd39bf9e4c2bb8e5a224c6ac09ac.webp\"},{\"url\":\"http://p6-tt.bytecdn.cn/list/300x196/pgc-image/c3aebd39bf9e4c2bb8e5a224c6ac09ac.webp\"}],\"width\":805}]', '2019-03-01 13:47:45', '2019-03-01 13:47:45'),
(144, 'news_world', 8, '这个中国大妈在非洲引起众怒，被判15年，我们却要拍手称赞', 'http://toutiao.com/group/6662640045746291203/', '世界华人周刊专栏作者：顾景言新闻背后，有你不知道的世界2019年2月，一条新闻登了世界各国媒体网站的首页。', '世界华人周刊专栏作者：顾景言新闻背后，有你不知道的世界2019年2月，一条新闻登了世界各国媒体网站的首页。', '世界华人周刊', '[{\"height\":429,\"uri\":\"list/pgc-image/80792559a6cd41488e3e144390c21463\",\"url\":\"http://p1-tt.bytecdn.cn/list/300x196/pgc-image/80792559a6cd41488e3e144390c21463.webp\",\"url_list\":[{\"url\":\"http://p1-tt.bytecdn.cn/list/300x196/pgc-image/80792559a6cd41488e3e144390c21463.webp\"},{\"url\":\"http://p9-tt.bytecdn.cn/list/300x196/pgc-image/80792559a6cd41488e3e144390c21463.webp\"},{\"url\":\"http://p3-tt.bytecdn.cn/list/300x196/pgc-image/80792559a6cd41488e3e144390c21463.webp\"}],\"width\":764},{\"height\":566,\"uri\":\"list/pgc-image/b91ffff935db4f51b8bc6aa41a083dc8\",\"url\":\"http://p3-tt.bytecdn.cn/list/300x196/pgc-image/b91ffff935db4f51b8bc6aa41a083dc8.webp\",\"url_list\":[{\"url\":\"http://p3-tt.bytecdn.cn/list/300x196/pgc-image/b91ffff935db4f51b8bc6aa41a083dc8.webp\"},{\"url\":\"http://p9-tt.bytecdn.cn/list/300x196/pgc-image/b91ffff935db4f51b8bc6aa41a083dc8.webp\"},{\"url\":\"http://p6-tt.bytecdn.cn/list/300x196/pgc-image/b91ffff935db4f51b8bc6aa41a083dc8.webp\"}],\"width\":1007},{\"height\":360,\"uri\":\"list/pgc-image/6107b006c8e8484b8787558c1e6e09ff\",\"url\":\"http://p6-tt.bytecdn.cn/list/300x196/pgc-image/6107b006c8e8484b8787558c1e6e09ff.webp\",\"url_list\":[{\"url\":\"http://p6-tt.bytecdn.cn/list/300x196/pgc-image/6107b006c8e8484b8787558c1e6e09ff.webp\"},{\"url\":\"http://p9-tt.bytecdn.cn/list/300x196/pgc-image/6107b006c8e8484b8787558c1e6e09ff.webp\"},{\"url\":\"http://p6-tt.bytecdn.cn/list/300x196/pgc-image/6107b006c8e8484b8787558c1e6e09ff.webp\"}],\"width\":640}]', '2019-03-01 13:47:45', '2019-03-01 13:47:45'),
(145, 'news_world', 8, '23岁足球教练遭女友6年变态虐待，被救时仅剩一口气', 'http://mp.weixin.qq.com/s?src=11&timestamp=1551023494&ver=1448&signature=S-AbFcm1KszmhsyL4sI3kCf64Tx7kg42PEDUFzRfkayqP-AqTbU*kVPe1wgx2xHNf1W63L7p5rS4q-F7NiGqgBo*tLLJSPVYMeNKcTYswCnm4DjtFVCkyVMFx7tC7Ocw&new=1', '话说，伴侣之间的家庭暴力行为，其实远比我们想象中的更加严重。受虐待，被泼沸水、遭刀子砍、被罚睡地板…', '话说，伴侣之间的家庭暴力行为，其实远比我们想象中的更加严重。受虐待，被泼沸水、遭刀子砍、被罚睡地板…', '海峡网', '[{\"height\":356,\"uri\":\"list/pgc-image/RJ0iX9AGPDAzRa\",\"url\":\"http://p9-tt.bytecdn.cn/list/300x196/pgc-image/RJ0iX9AGPDAzRa.webp\",\"url_list\":[{\"url\":\"http://p9-tt.bytecdn.cn/list/300x196/pgc-image/RJ0iX9AGPDAzRa.webp\"},{\"url\":\"http://p1-tt.bytecdn.cn/list/300x196/pgc-image/RJ0iX9AGPDAzRa.webp\"},{\"url\":\"http://p9-tt.bytecdn.cn/list/300x196/pgc-image/RJ0iX9AGPDAzRa.webp\"}],\"width\":634},{\"height\":279,\"uri\":\"list/pgc-image/RJ0iX9NFYtBBO1\",\"url\":\"http://p9-tt.bytecdn.cn/list/300x196/pgc-image/RJ0iX9NFYtBBO1.webp\",\"url_list\":[{\"url\":\"http://p9-tt.bytecdn.cn/list/300x196/pgc-image/RJ0iX9NFYtBBO1.webp\"},{\"url\":\"http://p6-tt.bytecdn.cn/list/300x196/pgc-image/RJ0iX9NFYtBBO1.webp\"},{\"url\":\"http://p3-tt.bytecdn.cn/list/300x196/pgc-image/RJ0iX9NFYtBBO1.webp\"}],\"width\":496},{\"height\":266,\"uri\":\"list/pgc-image/RJ0iX9ZB89i04p\",\"url\":\"http://p9-tt.bytecdn.cn/list/300x196/pgc-image/RJ0iX9ZB89i04p.webp\",\"url_list\":[{\"url\":\"http://p9-tt.bytecdn.cn/list/300x196/pgc-image/RJ0iX9ZB89i04p.webp\"},{\"url\":\"http://p9-tt.bytecdn.cn/list/300x196/pgc-image/RJ0iX9ZB89i04p.webp\"},{\"url\":\"http://p3-tt.bytecdn.cn/list/300x196/pgc-image/RJ0iX9ZB89i04p.webp\"}],\"width\":473}]', '2019-03-01 13:47:45', '2019-03-01 13:47:45'),
(146, 'news_world', 8, '世界最值钱的3大豪宅 其中一栋就在中国 如今估价超几十亿', 'http://toutiao.com/group/6644398515508216324/', '今天给大家介绍世界最著名的三大豪宅，造型各有各的风格，并且都是富的流油。位于印度孟买地价昂贵的阿尔塔芒特路，是印度第一富翁穆克什·安巴尼为自己建造“世界最昂贵住宅”。', '今天给大家介绍世界最著名的三大豪宅，造型各有各的风格，并且都是富的流油。位于印度孟买地价昂贵的阿尔塔芒特路，是印度第一富翁穆克什·安巴尼为自己建造“世界最昂贵住宅”。', '56民族行旅游网', '[{\"height\":576,\"uri\":\"list/pgc-image/f5cc4db7def742fa9138bcebcc80548e\",\"url\":\"http://p1-tt.bytecdn.cn/list/300x196/pgc-image/f5cc4db7def742fa9138bcebcc80548e.webp\",\"url_list\":[{\"url\":\"http://p1-tt.bytecdn.cn/list/300x196/pgc-image/f5cc4db7def742fa9138bcebcc80548e.webp\"},{\"url\":\"http://p6-tt.bytecdn.cn/list/300x196/pgc-image/f5cc4db7def742fa9138bcebcc80548e.webp\"},{\"url\":\"http://p6-tt.bytecdn.cn/list/300x196/pgc-image/f5cc4db7def742fa9138bcebcc80548e.webp\"}],\"width\":1024},{\"height\":253,\"uri\":\"list/pgc-image/41fc062ddb5341469af74fedb28bbed0\",\"url\":\"http://p3-tt.bytecdn.cn/list/300x196/pgc-image/41fc062ddb5341469af74fedb28bbed0.webp\",\"url_list\":[{\"url\":\"http://p3-tt.bytecdn.cn/list/300x196/pgc-image/41fc062ddb5341469af74fedb28bbed0.webp\"},{\"url\":\"http://p9-tt.bytecdn.cn/list/300x196/pgc-image/41fc062ddb5341469af74fedb28bbed0.webp\"},{\"url\":\"http://p9-tt.bytecdn.cn/list/300x196/pgc-image/41fc062ddb5341469af74fedb28bbed0.webp\"}],\"width\":450},{\"height\":509,\"uri\":\"list/pgc-image/4d2a52a709b8498d91caf628b0f22d91\",\"url\":\"http://p6-tt.bytecdn.cn/list/300x196/pgc-image/4d2a52a709b8498d91caf628b0f22d91.webp\",\"url_list\":[{\"url\":\"http://p6-tt.bytecdn.cn/list/300x196/pgc-image/4d2a52a709b8498d91caf628b0f22d91.webp\"},{\"url\":\"http://p1-tt.bytecdn.cn/list/300x196/pgc-image/4d2a52a709b8498d91caf628b0f22d91.webp\"},{\"url\":\"http://p1-tt.bytecdn.cn/list/300x196/pgc-image/4d2a52a709b8498d91caf628b0f22d91.webp\"}],\"width\":905}]', '2019-03-01 13:47:45', '2019-03-01 13:47:45'),
(147, 'news_world', 8, '世界上唯一禁止离婚的国家，把戴绿帽子当时尚，执意离婚要受严惩', 'http://toutiao.com/group/6654870305128841740/', '导语：世界上唯一禁止离婚的国家，把戴绿帽子当时尚，执意离婚要受严惩大家好。欢迎收看新一期的内容，结婚是我们绝大多数人都要经历的一件事情，结婚可以帮助我们更幸福的生活，也是两个相爱的人最终的归宿，不过，有结婚就会有离婚，这是必然的。', '导语：世界上唯一禁止离婚的国家，把戴绿帽子当时尚，执意离婚要受严惩大家好。欢迎收看新一期的内容，结婚是我们绝大多数人都要经历的一件事情，结婚可以帮助我们更幸福的生活，也是两个相爱的人最终的归宿，不过，有结婚就会有离婚，这是必然的。', 'Wei观世界', '[{\"height\":590,\"uri\":\"list/pgc-image/5c3bbe0ee2b04051be8f4853b8896400\",\"url\":\"http://p1-tt.bytecdn.cn/list/300x196/pgc-image/5c3bbe0ee2b04051be8f4853b8896400.webp\",\"url_list\":[{\"url\":\"http://p1-tt.bytecdn.cn/list/300x196/pgc-image/5c3bbe0ee2b04051be8f4853b8896400.webp\"},{\"url\":\"http://p9-tt.bytecdn.cn/list/300x196/pgc-image/5c3bbe0ee2b04051be8f4853b8896400.webp\"},{\"url\":\"http://p9-tt.bytecdn.cn/list/300x196/pgc-image/5c3bbe0ee2b04051be8f4853b8896400.webp\"}],\"width\":1050},{\"height\":540,\"uri\":\"list/pgc-image/e5918ca30c1f4df2952d100ec62f6f04\",\"url\":\"http://p6-tt.bytecdn.cn/list/300x196/pgc-image/e5918ca30c1f4df2952d100ec62f6f04.webp\",\"url_list\":[{\"url\":\"http://p6-tt.bytecdn.cn/list/300x196/pgc-image/e5918ca30c1f4df2952d100ec62f6f04.webp\"},{\"url\":\"http://p9-tt.bytecdn.cn/list/300x196/pgc-image/e5918ca30c1f4df2952d100ec62f6f04.webp\"},{\"url\":\"http://p3-tt.bytecdn.cn/list/300x196/pgc-image/e5918ca30c1f4df2952d100ec62f6f04.webp\"}],\"width\":960},{\"height\":281,\"uri\":\"list/pgc-image/33c46a9a0ea04f5c89617c527f4e7440\",\"url\":\"http://p3-tt.bytecdn.cn/list/300x196/pgc-image/33c46a9a0ea04f5c89617c527f4e7440.webp\",\"url_list\":[{\"url\":\"http://p3-tt.bytecdn.cn/list/300x196/pgc-image/33c46a9a0ea04f5c89617c527f4e7440.webp\"},{\"url\":\"http://p3-tt.bytecdn.cn/list/300x196/pgc-image/33c46a9a0ea04f5c89617c527f4e7440.webp\"},{\"url\":\"http://p1-tt.bytecdn.cn/list/300x196/pgc-image/33c46a9a0ea04f5c89617c527f4e7440.webp\"}],\"width\":500}]', '2019-03-01 13:47:45', '2019-03-01 13:47:45'),
(148, 'news_world', 8, '非洲一女酋长掌管58个村，族内所有男性都是她的财产，族民够心酸', 'http://toutiao.com/group/6634084496717152775/', '非洲一女酋长掌管58个村，族内所有男性都是她的财产。族民够心酸相信在大家的印象里，非洲这个国家一向都是贫穷、落后等不好词汇的代名词，极少有美好的词汇是用来比喻非洲这个国家的。', '非洲一女酋长掌管58个村，族内所有男性都是她的财产。族民够心酸相信在大家的印象里，非洲这个国家一向都是贫穷、落后等不好词汇的代名词，极少有美好的词汇是用来比喻非洲这个国家的。', '一只之旅行', '[{\"height\":554,\"uri\":\"list/pgc-image/170472d8bfee47aba7952f6b992d4028\",\"url\":\"http://p6-tt.bytecdn.cn/list/300x196/pgc-image/170472d8bfee47aba7952f6b992d4028.webp\",\"url_list\":[{\"url\":\"http://p6-tt.bytecdn.cn/list/300x196/pgc-image/170472d8bfee47aba7952f6b992d4028.webp\"},{\"url\":\"http://p3-tt.bytecdn.cn/list/300x196/pgc-image/170472d8bfee47aba7952f6b992d4028.webp\"},{\"url\":\"http://p3-tt.bytecdn.cn/list/300x196/pgc-image/170472d8bfee47aba7952f6b992d4028.webp\"}],\"width\":985},{\"height\":604,\"uri\":\"list/pgc-image/7c0160a3caa64b19a5749666fa93c68e\",\"url\":\"http://p1-tt.bytecdn.cn/list/300x196/pgc-image/7c0160a3caa64b19a5749666fa93c68e.webp\",\"url_list\":[{\"url\":\"http://p1-tt.bytecdn.cn/list/300x196/pgc-image/7c0160a3caa64b19a5749666fa93c68e.webp\"},{\"url\":\"http://p3-tt.bytecdn.cn/list/300x196/pgc-image/7c0160a3caa64b19a5749666fa93c68e.webp\"},{\"url\":\"http://p3-tt.bytecdn.cn/list/300x196/pgc-image/7c0160a3caa64b19a5749666fa93c68e.webp\"}],\"width\":1075},{\"height\":646,\"uri\":\"list/pgc-image/c908b96f03ab4c20873628c145f5bbd3\",\"url\":\"http://p6-tt.bytecdn.cn/list/300x196/pgc-image/c908b96f03ab4c20873628c145f5bbd3.webp\",\"url_list\":[{\"url\":\"http://p6-tt.bytecdn.cn/list/300x196/pgc-image/c908b96f03ab4c20873628c145f5bbd3.webp\"},{\"url\":\"http://p9-tt.bytecdn.cn/list/300x196/pgc-image/c908b96f03ab4c20873628c145f5bbd3.webp\"},{\"url\":\"http://p9-tt.bytecdn.cn/list/300x196/pgc-image/c908b96f03ab4c20873628c145f5bbd3.webp\"}],\"width\":1150}]', '2019-03-01 13:47:45', '2019-03-01 13:47:45'),
(149, 'news_world', 8, '金正恩妹妹河内实力出镜！她在哥哥身边做了这些事...', 'http://toutiao.com/group/6663005600839893512/', '越南当地时间26日上午，金正恩所乘专列抵达越南同登火车站。图viaKBS电视台一位清秀的女性，第一个走出专列。', '越南当地时间26日上午，金正恩所乘专列抵达越南同登火车站。图viaKBS电视台一位清秀的女性，第一个走出专列。', '环球时报英文版', '[{\"height\":369,\"uri\":\"list/pgc-image/6794c8c20b13435c831833b8e704d927\",\"url\":\"http://p1-tt.bytecdn.cn/list/300x196/pgc-image/6794c8c20b13435c831833b8e704d927.webp\",\"url_list\":[{\"url\":\"http://p1-tt.bytecdn.cn/list/300x196/pgc-image/6794c8c20b13435c831833b8e704d927.webp\"},{\"url\":\"http://p9-tt.bytecdn.cn/list/300x196/pgc-image/6794c8c20b13435c831833b8e704d927.webp\"},{\"url\":\"http://p3-tt.bytecdn.cn/list/300x196/pgc-image/6794c8c20b13435c831833b8e704d927.webp\"}],\"width\":663},{\"height\":438,\"uri\":\"list/pgc-image/cce252bb5b6a43fd820e3849097e91b4\",\"url\":\"http://p9-tt.bytecdn.cn/list/300x196/pgc-image/cce252bb5b6a43fd820e3849097e91b4.webp\",\"url_list\":[{\"url\":\"http://p9-tt.bytecdn.cn/list/300x196/pgc-image/cce252bb5b6a43fd820e3849097e91b4.webp\"},{\"url\":\"http://p1-tt.bytecdn.cn/list/300x196/pgc-image/cce252bb5b6a43fd820e3849097e91b4.webp\"},{\"url\":\"http://p9-tt.bytecdn.cn/list/300x196/pgc-image/cce252bb5b6a43fd820e3849097e91b4.webp\"}],\"width\":780},{\"height\":562,\"uri\":\"list/pgc-image/aeae872ee0394d2b8455f348e64b9009\",\"url\":\"http://p9-tt.bytecdn.cn/list/300x196/pgc-image/aeae872ee0394d2b8455f348e64b9009.webp\",\"url_list\":[{\"url\":\"http://p9-tt.bytecdn.cn/list/300x196/pgc-image/aeae872ee0394d2b8455f348e64b9009.webp\"},{\"url\":\"http://p3-tt.bytecdn.cn/list/300x196/pgc-image/aeae872ee0394d2b8455f348e64b9009.webp\"},{\"url\":\"http://p1-tt.bytecdn.cn/list/300x196/pgc-image/aeae872ee0394d2b8455f348e64b9009.webp\"}],\"width\":1000}]', '2019-03-01 13:47:45', '2019-03-01 13:47:45'),
(150, 'news_world', 8, '1米9女健身达人壮如铁塔，34岁至今单身，网友：先告辞', 'http://m.gmw.cn/toutiao/2019-02/22/content_122106022.htm', '但是女孩子健身的时候往往不会像男生那样过分追求力量，而是希望自己的身材变得更加的匀称，可是凡事总有例外，有一位女健身达人就把自己锻炼得像是一座铁塔。', '但是女孩子健身的时候往往不会像男生那样过分追求力量，而是希望自己的身材变得更加的匀称，可是凡事总有例外，有一位女健身达人就把自己锻炼得像是一座铁塔。', '光明网', '[{\"height\":249,\"uri\":\"list/pgc-image/RInwj2t7FDEnSs\",\"url\":\"http://p9-tt.bytecdn.cn/list/300x196/pgc-image/RInwj2t7FDEnSs.webp\",\"url_list\":[{\"url\":\"http://p9-tt.bytecdn.cn/list/300x196/pgc-image/RInwj2t7FDEnSs.webp\"},{\"url\":\"http://p3-tt.bytecdn.cn/list/300x196/pgc-image/RInwj2t7FDEnSs.webp\"},{\"url\":\"http://p9-tt.bytecdn.cn/list/300x196/pgc-image/RInwj2t7FDEnSs.webp\"}],\"width\":444},{\"height\":222,\"uri\":\"list/pgc-image/RInwj3L4yHHKiY\",\"url\":\"http://p9-tt.bytecdn.cn/list/300x196/pgc-image/RInwj3L4yHHKiY.webp\",\"url_list\":[{\"url\":\"http://p9-tt.bytecdn.cn/list/300x196/pgc-image/RInwj3L4yHHKiY.webp\"},{\"url\":\"http://p1-tt.bytecdn.cn/list/300x196/pgc-image/RInwj3L4yHHKiY.webp\"},{\"url\":\"http://p3-tt.bytecdn.cn/list/300x196/pgc-image/RInwj3L4yHHKiY.webp\"}],\"width\":434},{\"height\":237,\"uri\":\"list/pgc-image/RInwj3c7APj9fs\",\"url\":\"http://p6-tt.bytecdn.cn/list/300x196/pgc-image/RInwj3c7APj9fs.webp\",\"url_list\":[{\"url\":\"http://p6-tt.bytecdn.cn/list/300x196/pgc-image/RInwj3c7APj9fs.webp\"},{\"url\":\"http://p6-tt.bytecdn.cn/list/300x196/pgc-image/RInwj3c7APj9fs.webp\"},{\"url\":\"http://p3-tt.bytecdn.cn/list/300x196/pgc-image/RInwj3c7APj9fs.webp\"}],\"width\":422}]', '2019-03-01 13:47:45', '2019-03-01 13:47:45'),
(151, 'news_world', 8, '该监狱犯人平均刑期88年，四周都由野兽“看守”，无人敢越狱', 'http://m.gmw.cn/gallery/201901/09/1300125317.html', '', '', '光明网', '[{\"height\":232,\"uri\":\"list/pgc-image/REdXNF1FNCXzyS\",\"url\":\"http://p1-tt.bytecdn.cn/list/300x196/pgc-image/REdXNF1FNCXzyS.webp\",\"url_list\":[{\"url\":\"http://p1-tt.bytecdn.cn/list/300x196/pgc-image/REdXNF1FNCXzyS.webp\"},{\"url\":\"http://p9-tt.bytecdn.cn/list/300x196/pgc-image/REdXNF1FNCXzyS.webp\"},{\"url\":\"http://p1-tt.bytecdn.cn/list/300x196/pgc-image/REdXNF1FNCXzyS.webp\"}],\"width\":414},{\"height\":200,\"uri\":\"list/pgc-image/REdXNFa2Yc6yeI\",\"url\":\"http://p6-tt.bytecdn.cn/list/300x196/pgc-image/REdXNFa2Yc6yeI.webp\",\"url_list\":[{\"url\":\"http://p6-tt.bytecdn.cn/list/300x196/pgc-image/REdXNFa2Yc6yeI.webp\"},{\"url\":\"http://p6-tt.bytecdn.cn/list/300x196/pgc-image/REdXNFa2Yc6yeI.webp\"},{\"url\":\"http://p1-tt.bytecdn.cn/list/300x196/pgc-image/REdXNFa2Yc6yeI.webp\"}],\"width\":357},{\"height\":234,\"uri\":\"list/pgc-image/REdXNGH7boyeh3\",\"url\":\"http://p1-tt.bytecdn.cn/list/300x196/pgc-image/REdXNGH7boyeh3.webp\",\"url_list\":[{\"url\":\"http://p1-tt.bytecdn.cn/list/300x196/pgc-image/REdXNGH7boyeh3.webp\"},{\"url\":\"http://p9-tt.bytecdn.cn/list/300x196/pgc-image/REdXNGH7boyeh3.webp\"},{\"url\":\"http://p9-tt.bytecdn.cn/list/300x196/pgc-image/REdXNGH7boyeh3.webp\"}],\"width\":462}]', '2019-03-01 13:47:45', '2019-03-01 13:47:45');
INSERT INTO `news` (`news_id`, `news_category_id`, `news_producer_id`, `news_title`, `news_url`, `news_abstract`, `news_content`, `news_source`, `news_image_list`, `create_time`, `last_edit_time`) VALUES
(152, 'news_world', 8, '细数世界女子法定婚龄，日本16岁，俄罗斯14岁，伊朗只有9岁', 'http://m.gmw.cn/gallery/201812/10/32141687.html', '', '', '光明网', '[{\"height\":293,\"uri\":\"list/pgc-image/RBoiOpIHy3qo8O\",\"url\":\"http://p9-tt.bytecdn.cn/list/300x196/pgc-image/RBoiOpIHy3qo8O.webp\",\"url_list\":[{\"url\":\"http://p9-tt.bytecdn.cn/list/300x196/pgc-image/RBoiOpIHy3qo8O.webp\"},{\"url\":\"http://p3-tt.bytecdn.cn/list/300x196/pgc-image/RBoiOpIHy3qo8O.webp\"},{\"url\":\"http://p1-tt.bytecdn.cn/list/300x196/pgc-image/RBoiOpIHy3qo8O.webp\"}],\"width\":522},{\"height\":288,\"uri\":\"list/pgc-image/RBoiOpf9z4lOdq\",\"url\":\"http://p1-tt.bytecdn.cn/list/300x196/pgc-image/RBoiOpf9z4lOdq.webp\",\"url_list\":[{\"url\":\"http://p1-tt.bytecdn.cn/list/300x196/pgc-image/RBoiOpf9z4lOdq.webp\"},{\"url\":\"http://p3-tt.bytecdn.cn/list/300x196/pgc-image/RBoiOpf9z4lOdq.webp\"},{\"url\":\"http://p9-tt.bytecdn.cn/list/300x196/pgc-image/RBoiOpf9z4lOdq.webp\"}],\"width\":513},{\"height\":269,\"uri\":\"list/pgc-image/RBoiOprHjJkw36\",\"url\":\"http://p6-tt.bytecdn.cn/list/300x196/pgc-image/RBoiOprHjJkw36.webp\",\"url_list\":[{\"url\":\"http://p6-tt.bytecdn.cn/list/300x196/pgc-image/RBoiOprHjJkw36.webp\"},{\"url\":\"http://p1-tt.bytecdn.cn/list/300x196/pgc-image/RBoiOprHjJkw36.webp\"},{\"url\":\"http://p6-tt.bytecdn.cn/list/300x196/pgc-image/RBoiOprHjJkw36.webp\"}],\"width\":479}]', '2019-03-01 13:47:45', '2019-03-01 13:47:45'),
(153, 'news_world', 8, '这是特朗普最沮丧的两天，没想到碰上了更强悍的对手！', 'https://m.haiwainet.cn/ttc/3541083/2019/0301/content_31505937_1.html', '在特朗普的自传《交易的艺术》中，特朗普谈到做生意的四个阶段：一是提出惊人的目标；二是大肆宣传；三是决策反复摇摆；四是获得直观的结果。', '在特朗普的自传《交易的艺术》中，特朗普谈到做生意的四个阶段：一是提出惊人的目标；二是大肆宣传；三是决策反复摇摆；四是获得直观的结果。', '海外网', '[{\"height\":270,\"uri\":\"list/pgc-image/RJPyvDf3iEDdNN\",\"url\":\"http://p9-tt.bytecdn.cn/list/300x196/pgc-image/RJPyvDf3iEDdNN.webp\",\"url_list\":[{\"url\":\"http://p9-tt.bytecdn.cn/list/300x196/pgc-image/RJPyvDf3iEDdNN.webp\"},{\"url\":\"http://p6-tt.bytecdn.cn/list/300x196/pgc-image/RJPyvDf3iEDdNN.webp\"},{\"url\":\"http://p6-tt.bytecdn.cn/list/300x196/pgc-image/RJPyvDf3iEDdNN.webp\"}],\"width\":480},{\"height\":270,\"uri\":\"list/pgc-image/RJPyvDv6YHbcuz\",\"url\":\"http://p1-tt.bytecdn.cn/list/300x196/pgc-image/RJPyvDv6YHbcuz.webp\",\"url_list\":[{\"url\":\"http://p1-tt.bytecdn.cn/list/300x196/pgc-image/RJPyvDv6YHbcuz.webp\"},{\"url\":\"http://p6-tt.bytecdn.cn/list/300x196/pgc-image/RJPyvDv6YHbcuz.webp\"},{\"url\":\"http://p6-tt.bytecdn.cn/list/300x196/pgc-image/RJPyvDv6YHbcuz.webp\"}],\"width\":480},{\"height\":270,\"uri\":\"list/pgc-image/RJPyvEA2n5cpcB\",\"url\":\"http://p9-tt.bytecdn.cn/list/300x196/pgc-image/RJPyvEA2n5cpcB.webp\",\"url_list\":[{\"url\":\"http://p9-tt.bytecdn.cn/list/300x196/pgc-image/RJPyvEA2n5cpcB.webp\"},{\"url\":\"http://p6-tt.bytecdn.cn/list/300x196/pgc-image/RJPyvEA2n5cpcB.webp\"},{\"url\":\"http://p9-tt.bytecdn.cn/list/300x196/pgc-image/RJPyvEA2n5cpcB.webp\"}],\"width\":480}]', '2019-03-01 13:47:45', '2019-03-01 13:47:45'),
(154, 'news_world', 8, '印度的鲶鱼到底有多恐怖？小伙往河里丢了点面包，这场面真震撼！', 'http://m.gmw.cn/toutiao/2019-02/24/content_122108426.htm', '各国都有不少具有特色的动物，比如中国最有特色的动物就是大熊猫，一种长相呆萌可爱，受各国人们喜欢的动物。', '各国都有不少具有特色的动物，比如中国最有特色的动物就是大熊猫，一种长相呆萌可爱，受各国人们喜欢的动物。', '光明网', '[{\"height\":320,\"uri\":\"list/pgc-image/RIx1uX95a4Y1dQ\",\"url\":\"http://p6-tt.bytecdn.cn/list/300x196/pgc-image/RIx1uX95a4Y1dQ.webp\",\"url_list\":[{\"url\":\"http://p6-tt.bytecdn.cn/list/300x196/pgc-image/RIx1uX95a4Y1dQ.webp\"},{\"url\":\"http://p9-tt.bytecdn.cn/list/300x196/pgc-image/RIx1uX95a4Y1dQ.webp\"},{\"url\":\"http://p3-tt.bytecdn.cn/list/300x196/pgc-image/RIx1uX95a4Y1dQ.webp\"}],\"width\":569},{\"height\":322,\"uri\":\"list/pgc-image/RIx1uXVAujETPh\",\"url\":\"http://p3-tt.bytecdn.cn/list/300x196/pgc-image/RIx1uXVAujETPh.webp\",\"url_list\":[{\"url\":\"http://p3-tt.bytecdn.cn/list/300x196/pgc-image/RIx1uXVAujETPh.webp\"},{\"url\":\"http://p6-tt.bytecdn.cn/list/300x196/pgc-image/RIx1uXVAujETPh.webp\"},{\"url\":\"http://p6-tt.bytecdn.cn/list/300x196/pgc-image/RIx1uXVAujETPh.webp\"}],\"width\":573},{\"height\":290,\"uri\":\"list/pgc-image/RIx1uXqBHAUtlK\",\"url\":\"http://p9-tt.bytecdn.cn/list/300x196/pgc-image/RIx1uXqBHAUtlK.webp\",\"url_list\":[{\"url\":\"http://p9-tt.bytecdn.cn/list/300x196/pgc-image/RIx1uXqBHAUtlK.webp\"},{\"url\":\"http://p9-tt.bytecdn.cn/list/300x196/pgc-image/RIx1uXqBHAUtlK.webp\"},{\"url\":\"http://p9-tt.bytecdn.cn/list/300x196/pgc-image/RIx1uXqBHAUtlK.webp\"}],\"width\":579}]', '2019-03-01 13:47:45', '2019-03-01 13:47:45'),
(155, 'news_world', 8, '长的太美也是一种错误泰国一护士因长的太美被投诉，被迫辞职', 'https://h5.china.com.cn/wm/doc_1_1_5684119.html', '前不久，泰国一名护士因长相甜美、身材性感，社交网站一堆宅男们留言\'\'准备集体装病\'\'，称其为最美护士。', '前不久，泰国一名护士因长相甜美、身材性感，社交网站一堆宅男们留言\'\'准备集体装病\'\'，称其为最美护士。', '中国网', '[{\"height\":337,\"uri\":\"list/pgc-image/RJAVNw8FTGXLlh\",\"url\":\"http://p9-tt.bytecdn.cn/list/300x196/pgc-image/RJAVNw8FTGXLlh.webp\",\"url_list\":[{\"url\":\"http://p9-tt.bytecdn.cn/list/300x196/pgc-image/RJAVNw8FTGXLlh.webp\"},{\"url\":\"http://p3-tt.bytecdn.cn/list/300x196/pgc-image/RJAVNw8FTGXLlh.webp\"},{\"url\":\"http://p3-tt.bytecdn.cn/list/300x196/pgc-image/RJAVNw8FTGXLlh.webp\"}],\"width\":600},{\"height\":337,\"uri\":\"list/pgc-image/RJAVNwK2pd2TxV\",\"url\":\"http://p6-tt.bytecdn.cn/list/300x196/pgc-image/RJAVNwK2pd2TxV.webp\",\"url_list\":[{\"url\":\"http://p6-tt.bytecdn.cn/list/300x196/pgc-image/RJAVNwK2pd2TxV.webp\"},{\"url\":\"http://p3-tt.bytecdn.cn/list/300x196/pgc-image/RJAVNwK2pd2TxV.webp\"},{\"url\":\"http://p9-tt.bytecdn.cn/list/300x196/pgc-image/RJAVNwK2pd2TxV.webp\"}],\"width\":600},{\"height\":337,\"uri\":\"list/pgc-image/RJAVNwW1i9ffua\",\"url\":\"http://p6-tt.bytecdn.cn/list/300x196/pgc-image/RJAVNwW1i9ffua.webp\",\"url_list\":[{\"url\":\"http://p6-tt.bytecdn.cn/list/300x196/pgc-image/RJAVNwW1i9ffua.webp\"},{\"url\":\"http://p1-tt.bytecdn.cn/list/300x196/pgc-image/RJAVNwW1i9ffua.webp\"},{\"url\":\"http://p1-tt.bytecdn.cn/list/300x196/pgc-image/RJAVNwW1i9ffua.webp\"}],\"width\":600}]', '2019-03-01 13:47:45', '2019-03-01 13:47:45'),
(156, 'news_world', 8, '每年都在下沉，随时面临“淹没”的风险！世界上最“危险”的首都', 'http://m.gmw.cn/gallery/201812/26/1300100454.html', '', '', '光明网', '[{\"height\":337,\"uri\":\"list/pgc-image/RDIDidt6a7ljwP\",\"url\":\"http://p1-tt.bytecdn.cn/list/300x196/pgc-image/RDIDidt6a7ljwP.webp\",\"url_list\":[{\"url\":\"http://p1-tt.bytecdn.cn/list/300x196/pgc-image/RDIDidt6a7ljwP.webp\"},{\"url\":\"http://p1-tt.bytecdn.cn/list/300x196/pgc-image/RDIDidt6a7ljwP.webp\"},{\"url\":\"http://p9-tt.bytecdn.cn/list/300x196/pgc-image/RDIDidt6a7ljwP.webp\"}],\"width\":600},{\"height\":337,\"uri\":\"list/pgc-image/RDIDieE2gBo9BQ\",\"url\":\"http://p3-tt.bytecdn.cn/list/300x196/pgc-image/RDIDieE2gBo9BQ.webp\",\"url_list\":[{\"url\":\"http://p3-tt.bytecdn.cn/list/300x196/pgc-image/RDIDieE2gBo9BQ.webp\"},{\"url\":\"http://p3-tt.bytecdn.cn/list/300x196/pgc-image/RDIDieE2gBo9BQ.webp\"},{\"url\":\"http://p6-tt.bytecdn.cn/list/300x196/pgc-image/RDIDieE2gBo9BQ.webp\"}],\"width\":600},{\"height\":337,\"uri\":\"list/pgc-image/RDIDieOGshQqm7\",\"url\":\"http://p1-tt.bytecdn.cn/list/300x196/pgc-image/RDIDieOGshQqm7.webp\",\"url_list\":[{\"url\":\"http://p1-tt.bytecdn.cn/list/300x196/pgc-image/RDIDieOGshQqm7.webp\"},{\"url\":\"http://p9-tt.bytecdn.cn/list/300x196/pgc-image/RDIDieOGshQqm7.webp\"},{\"url\":\"http://p6-tt.bytecdn.cn/list/300x196/pgc-image/RDIDieOGshQqm7.webp\"}],\"width\":600}]', '2019-03-01 13:47:45', '2019-03-01 13:47:45');



-- --------------------------------------------------------
-- Table structure for table `news_favorite`
-- 5.新闻收藏表

CREATE TABLE IF NOT EXISTS `news_favorite` (
  `news_favorite_id` int(11) NOT NULL AUTO_INCREMENT,
  `user_id` int(11) NOT NULL,
  `news_id` int(11) NOT NULL,
  `favorite_time` datetime  DEFAULT CURRENT_TIMESTAMP,  
   PRIMARY KEY (`news_favorite_id`),
   FOREIGN KEY(`user_id`) REFERENCES `users`(`user_id`),
   FOREIGN KEY(`news_id`) REFERENCES `news`(`news_id`)
) ENGINE=InnoDB DEFAULT CHARSET=utf8;


--
-- Dumping data for table `news_favorite`  先创建新闻表
--
INSERT INTO `news_favorite` (`user_id`, `news_id`) 
VALUES
(1,1),
(1,2),
(1,3),
(2,1),
(2,2),
(2,3);


-- --------------------------------------------------------
-- Table structure for table `news_visit`
-- 6.新闻浏览表

CREATE TABLE IF NOT EXISTS `news_visit` (
  `news_visit_id` int(11) NOT NULL AUTO_INCREMENT,
  `user_id` int(11) NOT NULL,
  `news_id` int(11) NOT NULL,
  `visit_time` datetime  DEFAULT CURRENT_TIMESTAMP,  
   PRIMARY KEY (`news_visit_id`),
   FOREIGN KEY(`user_id`) REFERENCES `users`(`user_id`),
   FOREIGN KEY(`news_id`) REFERENCES `news`(`news_id`)
) ENGINE=InnoDB DEFAULT CHARSET=utf8;


--
-- Dumping data for table `news_favorite`
--
INSERT INTO `news_visit` (`user_id`, `news_id`) 
VALUES
(1,1),
(1,2),
(1,3),
(2,1),
(2,2),
(2,3);



-- Table structure for table `news_share`
-- 7.新闻分享表

CREATE TABLE IF NOT EXISTS `news_share` (
  `news_share_id` int(11) NOT NULL AUTO_INCREMENT,
  `user_id` int(11) NOT NULL,
  `news_id` int(11) NOT NULL,
  `share_time` datetime  DEFAULT CURRENT_TIMESTAMP,  
   PRIMARY KEY (`news_share_id`),
   FOREIGN KEY(`user_id`) REFERENCES `users`(`user_id`),
   FOREIGN KEY(`news_id`) REFERENCES `news`(`news_id`)
) ENGINE=InnoDB DEFAULT CHARSET=utf8;

--
-- Dumping data for table `news_share`
--
INSERT INTO `news_share` (`user_id`, `news_id`) 
VALUES
(1,1),
(1,2);


-- --------------------------------------------------------
-- Table structure for table `news_comment`
-- 8.新闻评论表

CREATE TABLE IF NOT EXISTS `news_comment` (
  `news_comment_id` int(11) NOT NULL AUTO_INCREMENT,       
  `news_id` int(11) NOT NULL,               
  `comment_content` text NOT NULL,                  
  `reply_main_comment_id`  int(11) DEFAULT  '0',    
  `reply_comment_id`  int(11) DEFAULT NULL,                
  `sender_id`  int(11) NOT NULL,                  
  `receiver_id` int(11) DEFAULT NULL,                 
  `send_time` datetime  DEFAULT CURRENT_TIMESTAMP,    
   PRIMARY KEY (`news_comment_id`),
   FOREIGN KEY(`news_id`) REFERENCES `news`(`news_id`),
   FOREIGN KEY (`sender_id`) REFERENCES `users` (`user_id`)
) ENGINE=InnoDB DEFAULT CHARSET=utf8;

--
-- Dumping data for table `news_comment`
--



-- --------------------------------------------------------
-- Table structure for table `news_comment_favorite`
-- 9.新闻评论点赞表

CREATE TABLE IF NOT EXISTS `news_comment_favorite` (
  `news_comment_favorite_id` int(11) NOT NULL AUTO_INCREMENT,    
  `news_comment_id` int(11) NOT NULL,                          
  `user_id` int(11) NOT NULL, 
  `comment_favorite_time` datetime  DEFAULT CURRENT_TIMESTAMP,                      
   PRIMARY KEY (`news_comment_favorite_id`),
   FOREIGN KEY(`news_comment_id`) REFERENCES `news_comment`(`news_comment_id`),
   FOREIGN KEY (`user_id`) REFERENCES `users` (`user_id`)
) ENGINE=InnoDB DEFAULT CHARSET=utf8;

--
-- Dumping data for table `news_comment_favorite`
--




